participantID,trialNumber,stimulus,sampleOrder,sampleTime,comparisonTime,condition,template
1,1,,right,10000,20000,H,
1,2,,right,10000,20000,H,
1,3,,left,10000,20000,H,
1,4,,right,10000,20000,H,
1,5,,right,10000,20000,H,
1,6,,left,10000,20000,H,
1,7,,left,10000,20000,V,
1,8,,left,10000,20000,V,
1,9,,right,10000,20000,V,
1,10,,left,10000,20000,V,
1,11,,left,10000,20000,V,
1,12,,left,10000,20000,V,
1,13,,left,10000,20000,VH,
1,14,,left,10000,20000,VH,
1,15,,right,10000,20000,VH,
1,16,,left,10000,20000,VH,
1,17,,right,10000,20000,VH,
1,18,,left,10000,20000,VH,
1,19,,left,10000,20000,H,
1,20,,left,10000,20000,H,
1,21,,left,10000,20000,H,
1,22,,right,10000,20000,H,
1,23,,right,10000,20000,H,
1,24,,left,10000,20000,H,
1,25,,right,10000,20000,VH,
1,26,,right,10000,20000,VH,
1,27,,right,10000,20000,VH,
1,28,,left,10000,20000,VH,
1,29,,right,10000,20000,VH,
1,30,,right,10000,20000,VH,
1,31,,right,10000,20000,V,
1,32,,right,10000,20000,V,
1,33,,left,10000,20000,V,
1,34,,right,10000,20000,V,
1,35,,left,10000,20000,V,
1,36,,left,10000,20000,V,
1,37,,left,10000,20000,V,
1,38,,right,10000,20000,V,
1,39,,left,10000,20000,V,
1,40,,right,10000,20000,V,
1,41,,right,10000,20000,V,
1,42,,left,10000,20000,V,
1,43,,right,10000,20000,H,
1,44,,left,10000,20000,H,
1,45,,left,10000,20000,H,
1,46,,right,10000,20000,H,
1,47,,left,10000,20000,H,
1,48,,right,10000,20000,H,
1,49,,right,10000,20000,VH,
1,50,,left,10000,20000,VH,
1,51,,right,10000,20000,VH,
1,52,,left,10000,20000,VH,
1,53,,left,10000,20000,VH,
1,54,,left,10000,20000,VH,
1,55,,right,10000,20000,VH,
1,56,,right,10000,20000,VH,
1,57,,right,10000,20000,VH,
1,58,,left,10000,20000,VH,
1,59,,right,10000,20000,VH,
1,60,,left,10000,20000,VH,
1,61,,right,10000,20000,V,
1,62,,right,10000,20000,V,
1,63,,left,10000,20000,V,
1,64,,right,10000,20000,V,
1,65,,right,10000,20000,V,
1,66,,left,10000,20000,V,
1,67,,left,10000,20000,H,
1,68,,left,10000,20000,H,
1,69,,right,10000,20000,H,
1,70,,right,10000,20000,H,
1,71,,left,10000,20000,H,
1,72,,right,10000,20000,H,
1,73,,left,10000,20000,VH,
1,74,,left,10000,20000,VH,
1,75,,right,10000,20000,VH,
1,76,,left,10000,20000,VH,
1,77,,left,10000,20000,VH,
1,78,,left,10000,20000,VH,
1,79,,left,10000,20000,V,
1,80,,left,10000,20000,V,
1,81,,left,10000,20000,V,
1,82,,right,10000,20000,V,
1,83,,right,10000,20000,V,
1,84,,right,10000,20000,V,
1,85,,left,10000,20000,H,
1,86,,right,10000,20000,H,
1,87,,left,10000,20000,H,
1,88,,right,10000,20000,H,
1,89,,right,10000,20000,H,
1,90,,left,10000,20000,H,
1,91,,right,10000,20000,VH,
1,92,,right,10000,20000,VH,
1,93,,left,10000,20000,VH,
1,94,,right,10000,20000,VH,
1,95,,right,10000,20000,VH,
1,96,,left,10000,20000,VH,
1,97,,right,10000,20000,H,
1,98,,left,10000,20000,H,
1,99,,right,10000,20000,H,
1,100,,left,10000,20000,H,
1,101,,left,10000,20000,H,
1,102,,right,10000,20000,H,
1,103,,right,10000,20000,V,
1,104,,right,10000,20000,V,
1,105,,left,10000,20000,V,
1,106,,left,10000,20000,V,
1,107,,right,10000,20000,V,
1,108,,right,10000,20000,V,
2,1,,left,10000,20000,VH,
2,2,,left,10000,20000,VH,
2,3,,right,10000,20000,VH,
2,4,,left,10000,20000,VH,
2,5,,left,10000,20000,VH,
2,6,,right,10000,20000,VH,
2,7,,left,10000,20000,V,
2,8,,right,10000,20000,V,
2,9,,left,10000,20000,V,
2,10,,right,10000,20000,V,
2,11,,left,10000,20000,V,
2,12,,right,10000,20000,V,
2,13,,right,10000,20000,H,
2,14,,left,10000,20000,H,
2,15,,left,10000,20000,H,
2,16,,right,10000,20000,H,
2,17,,left,10000,20000,H,
2,18,,left,10000,20000,H,
2,19,,left,10000,20000,VH,
2,20,,right,10000,20000,VH,
2,21,,left,10000,20000,VH,
2,22,,left,10000,20000,VH,
2,23,,left,10000,20000,VH,
2,24,,left,10000,20000,VH,
2,25,,left,10000,20000,V,
2,26,,right,10000,20000,V,
2,27,,right,10000,20000,V,
2,28,,left,10000,20000,V,
2,29,,left,10000,20000,V,
2,30,,right,10000,20000,V,
2,31,,right,10000,20000,H,
2,32,,right,10000,20000,H,
2,33,,left,10000,20000,H,
2,34,,right,10000,20000,H,
2,35,,left,10000,20000,H,
2,36,,right,10000,20000,H,
2,37,,right,10000,20000,H,
2,38,,right,10000,20000,H,
2,39,,left,10000,20000,H,
2,40,,left,10000,20000,H,
2,41,,right,10000,20000,H,
2,42,,left,10000,20000,H,
2,43,,right,10000,20000,VH,
2,44,,right,10000,20000,VH,
2,45,,right,10000,20000,VH,
2,46,,right,10000,20000,VH,
2,47,,right,10000,20000,VH,
2,48,,right,10000,20000,VH,
2,49,,left,10000,20000,V,
2,50,,right,10000,20000,V,
2,51,,right,10000,20000,V,
2,52,,right,10000,20000,V,
2,53,,right,10000,20000,V,
2,54,,left,10000,20000,V,
2,55,,left,10000,20000,H,
2,56,,left,10000,20000,H,
2,57,,left,10000,20000,H,
2,58,,right,10000,20000,H,
2,59,,left,10000,20000,H,
2,60,,left,10000,20000,H,
2,61,,right,10000,20000,VH,
2,62,,right,10000,20000,VH,
2,63,,right,10000,20000,VH,
2,64,,left,10000,20000,VH,
2,65,,right,10000,20000,VH,
2,66,,right,10000,20000,VH,
2,67,,left,10000,20000,V,
2,68,,left,10000,20000,V,
2,69,,left,10000,20000,V,
2,70,,right,10000,20000,V,
2,71,,right,10000,20000,V,
2,72,,left,10000,20000,V,
2,73,,left,10000,20000,V,
2,74,,left,10000,20000,V,
2,75,,right,10000,20000,V,
2,76,,right,10000,20000,V,
2,77,,left,10000,20000,V,
2,78,,right,10000,20000,V,
2,79,,left,10000,20000,VH,
2,80,,left,10000,20000,VH,
2,81,,left,10000,20000,VH,
2,82,,left,10000,20000,VH,
2,83,,right,10000,20000,VH,
2,84,,right,10000,20000,VH,
2,85,,right,10000,20000,H,
2,86,,left,10000,20000,H,
2,87,,right,10000,20000,H,
2,88,,right,10000,20000,H,
2,89,,left,10000,20000,H,
2,90,,left,10000,20000,H,
2,91,,right,10000,20000,VH,
2,92,,left,10000,20000,VH,
2,93,,right,10000,20000,VH,
2,94,,left,10000,20000,VH,
2,95,,left,10000,20000,VH,
2,96,,left,10000,20000,VH,
2,97,,left,10000,20000,V,
2,98,,left,10000,20000,V,
2,99,,right,10000,20000,V,
2,100,,right,10000,20000,V,
2,101,,left,10000,20000,V,
2,102,,right,10000,20000,V,
2,103,,right,10000,20000,H,
2,104,,right,10000,20000,H,
2,105,,right,10000,20000,H,
2,106,,right,10000,20000,H,
2,107,,right,10000,20000,H,
2,108,,left,10000,20000,H,
3,1,,right,10000,20000,VH,
3,2,,left,10000,20000,VH,
3,3,,right,10000,20000,VH,
3,4,,right,10000,20000,VH,
3,5,,left,10000,20000,VH,
3,6,,right,10000,20000,VH,
3,7,,left,10000,20000,H,
3,8,,right,10000,20000,H,
3,9,,right,10000,20000,H,
3,10,,right,10000,20000,H,
3,11,,right,10000,20000,H,
3,12,,right,10000,20000,H,
3,13,,left,10000,20000,V,
3,14,,left,10000,20000,V,
3,15,,right,10000,20000,V,
3,16,,left,10000,20000,V,
3,17,,right,10000,20000,V,
3,18,,left,10000,20000,V,
3,19,,left,10000,20000,V,
3,20,,left,10000,20000,V,
3,21,,right,10000,20000,V,
3,22,,right,10000,20000,V,
3,23,,left,10000,20000,V,
3,24,,left,10000,20000,V,
3,25,,right,10000,20000,VH,
3,26,,right,10000,20000,VH,
3,27,,left,10000,20000,VH,
3,28,,left,10000,20000,VH,
3,29,,right,10000,20000,VH,
3,30,,left,10000,20000,VH,
3,31,,left,10000,20000,H,
3,32,,right,10000,20000,H,
3,33,,left,10000,20000,H,
3,34,,left,10000,20000,H,
3,35,,left,10000,20000,H,
3,36,,right,10000,20000,H,
3,37,,left,10000,20000,H,
3,38,,right,10000,20000,H,
3,39,,left,10000,20000,H,
3,40,,left,10000,20000,H,
3,41,,right,10000,20000,H,
3,42,,left,10000,20000,H,
3,43,,right,10000,20000,V,
3,44,,right,10000,20000,V,
3,45,,right,10000,20000,V,
3,46,,left,10000,20000,V,
3,47,,right,10000,20000,V,
3,48,,right,10000,20000,V,
3,49,,right,10000,20000,VH,
3,50,,left,10000,20000,VH,
3,51,,left,10000,20000,VH,
3,52,,left,10000,20000,VH,
3,53,,left,10000,20000,VH,
3,54,,right,10000,20000,VH,
3,55,,left,10000,20000,V,
3,56,,left,10000,20000,V,
3,57,,right,10000,20000,V,
3,58,,right,10000,20000,V,
3,59,,left,10000,20000,V,
3,60,,right,10000,20000,V,
3,61,,left,10000,20000,H,
3,62,,right,10000,20000,H,
3,63,,right,10000,20000,H,
3,64,,left,10000,20000,H,
3,65,,right,10000,20000,H,
3,66,,left,10000,20000,H,
3,67,,left,10000,20000,VH,
3,68,,left,10000,20000,VH,
3,69,,left,10000,20000,VH,
3,70,,right,10000,20000,VH,
3,71,,left,10000,20000,VH,
3,72,,right,10000,20000,VH,
3,73,,right,10000,20000,H,
3,74,,left,10000,20000,H,
3,75,,right,10000,20000,H,
3,76,,right,10000,20000,H,
3,77,,left,10000,20000,H,
3,78,,right,10000,20000,H,
3,79,,left,10000,20000,V,
3,80,,right,10000,20000,V,
3,81,,right,10000,20000,V,
3,82,,right,10000,20000,V,
3,83,,left,10000,20000,V,
3,84,,left,10000,20000,V,
3,85,,right,10000,20000,VH,
3,86,,left,10000,20000,VH,
3,87,,left,10000,20000,VH,
3,88,,right,10000,20000,VH,
3,89,,right,10000,20000,VH,
3,90,,left,10000,20000,VH,
3,91,,right,10000,20000,V,
3,92,,right,10000,20000,V,
3,93,,left,10000,20000,V,
3,94,,left,10000,20000,V,
3,95,,right,10000,20000,V,
3,96,,left,10000,20000,V,
3,97,,right,10000,20000,VH,
3,98,,right,10000,20000,VH,
3,99,,right,10000,20000,VH,
3,100,,left,10000,20000,VH,
3,101,,right,10000,20000,VH,
3,102,,left,10000,20000,VH,
3,103,,left,10000,20000,H,
3,104,,left,10000,20000,H,
3,105,,right,10000,20000,H,
3,106,,right,10000,20000,H,
3,107,,left,10000,20000,H,
3,108,,left,10000,20000,H,
4,1,,left,10000,20000,V,
4,2,,right,10000,20000,V,
4,3,,left,10000,20000,V,
4,4,,left,10000,20000,V,
4,5,,left,10000,20000,V,
4,6,,right,10000,20000,V,
4,7,,right,10000,20000,VH,
4,8,,left,10000,20000,VH,
4,9,,right,10000,20000,VH,
4,10,,left,10000,20000,VH,
4,11,,left,10000,20000,VH,
4,12,,left,10000,20000,VH,
4,13,,left,10000,20000,H,
4,14,,left,10000,20000,H,
4,15,,right,10000,20000,H,
4,16,,right,10000,20000,H,
4,17,,right,10000,20000,H,
4,18,,left,10000,20000,H,
4,19,,left,10000,20000,VH,
4,20,,right,10000,20000,VH,
4,21,,left,10000,20000,VH,
4,22,,right,10000,20000,VH,
4,23,,right,10000,20000,VH,
4,24,,left,10000,20000,VH,
4,25,,left,10000,20000,V,
4,26,,right,10000,20000,V,
4,27,,left,10000,20000,V,
4,28,,left,10000,20000,V,
4,29,,right,10000,20000,V,
4,30,,right,10000,20000,V,
4,31,,right,10000,20000,H,
4,32,,left,10000,20000,H,
4,33,,left,10000,20000,H,
4,34,,right,10000,20000,H,
4,35,,right,10000,20000,H,
4,36,,left,10000,20000,H,
4,37,,left,10000,20000,H,
4,38,,left,10000,20000,H,
4,39,,left,10000,20000,H,
4,40,,right,10000,20000,H,
4,41,,right,10000,20000,H,
4,42,,right,10000,20000,H,
4,43,,right,10000,20000,VH,
4,44,,right,10000,20000,VH,
4,45,,right,10000,20000,VH,
4,46,,right,10000,20000,VH,
4,47,,right,10000,20000,VH,
4,48,,right,10000,20000,VH,
4,49,,left,10000,20000,V,
4,50,,left,10000,20000,V,
4,51,,left,10000,20000,V,
4,52,,right,10000,20000,V,
4,53,,right,10000,20000,V,
4,54,,right,10000,20000,V,
4,55,,left,10000,20000,V,
4,56,,left,10000,20000,V,
4,57,,right,10000,20000,V,
4,58,,left,10000,20000,V,
4,59,,right,10000,20000,V,
4,60,,right,10000,20000,V,
4,61,,right,10000,20000,H,
4,62,,right,10000,20000,H,
4,63,,left,10000,20000,H,
4,64,,right,10000,20000,H,
4,65,,right,10000,20000,H,
4,66,,right,10000,20000,H,
4,67,,left,10000,20000,VH,
4,68,,left,10000,20000,VH,
4,69,,left,10000,20000,VH,
4,70,,right,10000,20000,VH,
4,71,,left,10000,20000,VH,
4,72,,left,10000,20000,VH,
4,73,,left,10000,20000,VH,
4,74,,right,10000,20000,VH,
4,75,,left,10000,20000,VH,
4,76,,left,10000,20000,VH,
4,77,,right,10000,20000,VH,
4,78,,right,10000,20000,VH,
4,79,,right,10000,20000,V,
4,80,,left,10000,20000,V,
4,81,,right,10000,20000,V,
4,82,,left,10000,20000,V,
4,83,,right,10000,20000,V,
4,84,,right,10000,20000,V,
4,85,,right,10000,20000,H,
4,86,,left,10000,20000,H,
4,87,,left,10000,20000,H,
4,88,,right,10000,20000,H,
4,89,,left,10000,20000,H,
4,90,,left,10000,20000,H,
4,91,,right,10000,20000,V,
4,92,,left,10000,20000,V,
4,93,,left,10000,20000,V,
4,94,,right,10000,20000,V,
4,95,,right,10000,20000,V,
4,96,,left,10000,20000,V,
4,97,,right,10000,20000,VH,
4,98,,left,10000,20000,VH,
4,99,,right,10000,20000,VH,
4,100,,left,10000,20000,VH,
4,101,,left,10000,20000,VH,
4,102,,right,10000,20000,VH,
4,103,,left,10000,20000,H,
4,104,,left,10000,20000,H,
4,105,,right,10000,20000,H,
4,106,,left,10000,20000,H,
4,107,,left,10000,20000,H,
4,108,,right,10000,20000,H,
5,1,,left,10000,20000,V,
5,2,,right,10000,20000,V,
5,3,,left,10000,20000,V,
5,4,,right,10000,20000,V,
5,5,,right,10000,20000,V,
5,6,,right,10000,20000,V,
5,7,,right,10000,20000,VH,
5,8,,left,10000,20000,VH,
5,9,,right,10000,20000,VH,
5,10,,right,10000,20000,VH,
5,11,,right,10000,20000,VH,
5,12,,left,10000,20000,VH,
5,13,,left,10000,20000,H,
5,14,,right,10000,20000,H,
5,15,,left,10000,20000,H,
5,16,,left,10000,20000,H,
5,17,,right,10000,20000,H,
5,18,,right,10000,20000,H,
5,19,,left,10000,20000,V,
5,20,,right,10000,20000,V,
5,21,,right,10000,20000,V,
5,22,,right,10000,20000,V,
5,23,,left,10000,20000,V,
5,24,,left,10000,20000,V,
5,25,,left,10000,20000,VH,
5,26,,left,10000,20000,VH,
5,27,,right,10000,20000,VH,
5,28,,left,10000,20000,VH,
5,29,,left,10000,20000,VH,
5,30,,left,10000,20000,VH,
5,31,,left,10000,20000,H,
5,32,,left,10000,20000,H,
5,33,,right,10000,20000,H,
5,34,,right,10000,20000,H,
5,35,,left,10000,20000,H,
5,36,,right,10000,20000,H,
5,37,,left,10000,20000,V,
5,38,,left,10000,20000,V,
5,39,,left,10000,20000,V,
5,40,,left,10000,20000,V,
5,41,,right,10000,20000,V,
5,42,,right,10000,20000,V,
5,43,,right,10000,20000,H,
5,44,,left,10000,20000,H,
5,45,,right,10000,20000,H,
5,46,,right,10000,20000,H,
5,47,,right,10000,20000,H,
5,48,,left,10000,20000,H,
5,49,,right,10000,20000,VH,
5,50,,right,10000,20000,VH,
5,51,,left,10000,20000,VH,
5,52,,left,10000,20000,VH,
5,53,,right,10000,20000,VH,
5,54,,left,10000,20000,VH,
5,55,,right,10000,20000,V,
5,56,,right,10000,20000,V,
5,57,,left,10000,20000,V,
5,58,,right,10000,20000,V,
5,59,,right,10000,20000,V,
5,60,,left,10000,20000,V,
5,61,,right,10000,20000,VH,
5,62,,left,10000,20000,VH,
5,63,,left,10000,20000,VH,
5,64,,right,10000,20000,VH,
5,65,,right,10000,20000,VH,
5,66,,left,10000,20000,VH,
5,67,,left,10000,20000,H,
5,68,,left,10000,20000,H,
5,69,,right,10000,20000,H,
5,70,,right,10000,20000,H,
5,71,,left,10000,20000,H,
5,72,,right,10000,20000,H,
5,73,,right,10000,20000,V,
5,74,,right,10000,20000,V,
5,75,,left,10000,20000,V,
5,76,,left,10000,20000,V,
5,77,,left,10000,20000,V,
5,78,,right,10000,20000,V,
5,79,,left,10000,20000,H,
5,80,,left,10000,20000,H,
5,81,,left,10000,20000,H,
5,82,,left,10000,20000,H,
5,83,,left,10000,20000,H,
5,84,,right,10000,20000,H,
5,85,,right,10000,20000,VH,
5,86,,left,10000,20000,VH,
5,87,,right,10000,20000,VH,
5,88,,left,10000,20000,VH,
5,89,,right,10000,20000,VH,
5,90,,right,10000,20000,VH,
5,91,,left,10000,20000,V,
5,92,,left,10000,20000,V,
5,93,,left,10000,20000,V,
5,94,,left,10000,20000,V,
5,95,,right,10000,20000,V,
5,96,,right,10000,20000,V,
5,97,,left,10000,20000,VH,
5,98,,right,10000,20000,VH,
5,99,,right,10000,20000,VH,
5,100,,right,10000,20000,VH,
5,101,,left,10000,20000,VH,
5,102,,left,10000,20000,VH,
5,103,,right,10000,20000,H,
5,104,,right,10000,20000,H,
5,105,,left,10000,20000,H,
5,106,,left,10000,20000,H,
5,107,,right,10000,20000,H,
5,108,,right,10000,20000,H,
6,1,,right,10000,20000,H,
6,2,,right,10000,20000,H,
6,3,,right,10000,20000,H,
6,4,,left,10000,20000,H,
6,5,,right,10000,20000,H,
6,6,,left,10000,20000,H,
6,7,,left,10000,20000,V,
6,8,,right,10000,20000,V,
6,9,,left,10000,20000,V,
6,10,,right,10000,20000,V,
6,11,,right,10000,20000,V,
6,12,,left,10000,20000,V,
6,13,,right,10000,20000,VH,
6,14,,left,10000,20000,VH,
6,15,,left,10000,20000,VH,
6,16,,right,10000,20000,VH,
6,17,,left,10000,20000,VH,
6,18,,left,10000,20000,VH,
6,19,,right,10000,20000,VH,
6,20,,left,10000,20000,VH,
6,21,,right,10000,20000,VH,
6,22,,right,10000,20000,VH,
6,23,,left,10000,20000,VH,
6,24,,right,10000,20000,VH,
6,25,,left,10000,20000,H,
6,26,,right,10000,20000,H,
6,27,,right,10000,20000,H,
6,28,,right,10000,20000,H,
6,29,,left,10000,20000,H,
6,30,,left,10000,20000,H,
6,31,,left,10000,20000,V,
6,32,,left,10000,20000,V,
6,33,,right,10000,20000,V,
6,34,,left,10000,20000,V,
6,35,,right,10000,20000,V,
6,36,,left,10000,20000,V,
6,37,,right,10000,20000,V,
6,38,,right,10000,20000,V,
6,39,,right,10000,20000,V,
6,40,,left,10000,20000,V,
6,41,,left,10000,20000,V,
6,42,,right,10000,20000,V,
6,43,,right,10000,20000,H,
6,44,,right,10000,20000,H,
6,45,,right,10000,20000,H,
6,46,,left,10000,20000,H,
6,47,,left,10000,20000,H,
6,48,,left,10000,20000,H,
6,49,,left,10000,20000,VH,
6,50,,left,10000,20000,VH,
6,51,,right,10000,20000,VH,
6,52,,left,10000,20000,VH,
6,53,,left,10000,20000,VH,
6,54,,left,10000,20000,VH,
6,55,,right,10000,20000,VH,
6,56,,right,10000,20000,VH,
6,57,,right,10000,20000,VH,
6,58,,left,10000,20000,VH,
6,59,,left,10000,20000,VH,
6,60,,right,10000,20000,VH,
6,61,,right,10000,20000,H,
6,62,,left,10000,20000,H,
6,63,,right,10000,20000,H,
6,64,,left,10000,20000,H,
6,65,,right,10000,20000,H,
6,66,,right,10000,20000,H,
6,67,,left,10000,20000,V,
6,68,,left,10000,20000,V,
6,69,,left,10000,20000,V,
6,70,,right,10000,20000,V,
6,71,,left,10000,20000,V,
6,72,,right,10000,20000,V,
6,73,,right,10000,20000,H,
6,74,,left,10000,20000,H,
6,75,,left,10000,20000,H,
6,76,,left,10000,20000,H,
6,77,,left,10000,20000,H,
6,78,,left,10000,20000,H,
6,79,,right,10000,20000,VH,
6,80,,left,10000,20000,VH,
6,81,,left,10000,20000,VH,
6,82,,right,10000,20000,VH,
6,83,,right,10000,20000,VH,
6,84,,right,10000,20000,VH,
6,85,,left,10000,20000,V,
6,86,,right,10000,20000,V,
6,87,,left,10000,20000,V,
6,88,,left,10000,20000,V,
6,89,,right,10000,20000,V,
6,90,,right,10000,20000,V,
6,91,,right,10000,20000,V,
6,92,,right,10000,20000,V,
6,93,,right,10000,20000,V,
6,94,,right,10000,20000,V,
6,95,,left,10000,20000,V,
6,96,,left,10000,20000,V,
6,97,,right,10000,20000,VH,
6,98,,right,10000,20000,VH,
6,99,,left,10000,20000,VH,
6,100,,left,10000,20000,VH,
6,101,,right,10000,20000,VH,
6,102,,left,10000,20000,VH,
6,103,,left,10000,20000,H,
6,104,,right,10000,20000,H,
6,105,,left,10000,20000,H,
6,106,,right,10000,20000,H,
6,107,,right,10000,20000,H,
6,108,,left,10000,20000,H,
7,1,,left,10000,20000,H,
7,2,,left,10000,20000,H,
7,3,,right,10000,20000,H,
7,4,,left,10000,20000,H,
7,5,,right,10000,20000,H,
7,6,,right,10000,20000,H,
7,7,,right,10000,20000,VH,
7,8,,right,10000,20000,VH,
7,9,,right,10000,20000,VH,
7,10,,left,10000,20000,VH,
7,11,,left,10000,20000,VH,
7,12,,right,10000,20000,VH,
7,13,,left,10000,20000,V,
7,14,,left,10000,20000,V,
7,15,,right,10000,20000,V,
7,16,,left,10000,20000,V,
7,17,,left,10000,20000,V,
7,18,,right,10000,20000,V,
7,19,,left,10000,20000,VH,
7,20,,left,10000,20000,VH,
7,21,,right,10000,20000,VH,
7,22,,right,10000,20000,VH,
7,23,,right,10000,20000,VH,
7,24,,right,10000,20000,VH,
7,25,,left,10000,20000,H,
7,26,,right,10000,20000,H,
7,27,,right,10000,20000,H,
7,28,,right,10000,20000,H,
7,29,,right,10000,20000,H,
7,30,,left,10000,20000,H,
7,31,,left,10000,20000,V,
7,32,,right,10000,20000,V,
7,33,,right,10000,20000,V,
7,34,,left,10000,20000,V,
7,35,,right,10000,20000,V,
7,36,,left,10000,20000,V,
7,37,,left,10000,20000,V,
7,38,,right,10000,20000,V,
7,39,,right,10000,20000,V,
7,40,,right,10000,20000,V,
7,41,,right,10000,20000,V,
7,42,,right,10000,20000,V,
7,43,,right,10000,20000,H,
7,44,,right,10000,20000,H,
7,45,,left,10000,20000,H,
7,46,,right,10000,20000,H,
7,47,,right,10000,20000,H,
7,48,,right,10000,20000,H,
7,49,,left,10000,20000,VH,
7,50,,right,10000,20000,VH,
7,51,,left,10000,20000,VH,
7,52,,right,10000,20000,VH,
7,53,,right,10000,20000,VH,
7,54,,right,10000,20000,VH,
7,55,,right,10000,20000,H,
7,56,,left,10000,20000,H,
7,57,,right,10000,20000,H,
7,58,,left,10000,20000,H,
7,59,,left,10000,20000,H,
7,60,,left,10000,20000,H,
7,61,,left,10000,20000,VH,
7,62,,left,10000,20000,VH,
7,63,,left,10000,20000,VH,
7,64,,left,10000,20000,VH,
7,65,,left,10000,20000,VH,
7,66,,right,10000,20000,VH,
7,67,,left,10000,20000,V,
7,68,,left,10000,20000,V,
7,69,,left,10000,20000,V,
7,70,,left,10000,20000,V,
7,71,,right,10000,20000,V,
7,72,,right,10000,20000,V,
7,73,,left,10000,20000,H,
7,74,,left,10000,20000,H,
7,75,,right,10000,20000,H,
7,76,,left,10000,20000,H,
7,77,,right,10000,20000,H,
7,78,,left,10000,20000,H,
7,79,,left,10000,20000,V,
7,80,,right,10000,20000,V,
7,81,,left,10000,20000,V,
7,82,,right,10000,20000,V,
7,83,,left,10000,20000,V,
7,84,,left,10000,20000,V,
7,85,,left,10000,20000,VH,
7,86,,right,10000,20000,VH,
7,87,,left,10000,20000,VH,
7,88,,left,10000,20000,VH,
7,89,,left,10000,20000,VH,
7,90,,right,10000,20000,VH,
7,91,,left,10000,20000,V,
7,92,,left,10000,20000,V,
7,93,,right,10000,20000,V,
7,94,,right,10000,20000,V,
7,95,,right,10000,20000,V,
7,96,,right,10000,20000,V,
7,97,,left,10000,20000,VH,
7,98,,right,10000,20000,VH,
7,99,,right,10000,20000,VH,
7,100,,left,10000,20000,VH,
7,101,,left,10000,20000,VH,
7,102,,right,10000,20000,VH,
7,103,,left,10000,20000,H,
7,104,,right,10000,20000,H,
7,105,,left,10000,20000,H,
7,106,,right,10000,20000,H,
7,107,,left,10000,20000,H,
7,108,,left,10000,20000,H,
8,1,,right,10000,20000,VH,
8,2,,right,10000,20000,VH,
8,3,,right,10000,20000,VH,
8,4,,left,10000,20000,VH,
8,5,,left,10000,20000,VH,
8,6,,right,10000,20000,VH,
8,7,,right,10000,20000,V,
8,8,,left,10000,20000,V,
8,9,,right,10000,20000,V,
8,10,,left,10000,20000,V,
8,11,,left,10000,20000,V,
8,12,,right,10000,20000,V,
8,13,,left,10000,20000,H,
8,14,,right,10000,20000,H,
8,15,,left,10000,20000,H,
8,16,,left,10000,20000,H,
8,17,,right,10000,20000,H,
8,18,,right,10000,20000,H,
8,19,,right,10000,20000,VH,
8,20,,left,10000,20000,VH,
8,21,,left,10000,20000,VH,
8,22,,right,10000,20000,VH,
8,23,,left,10000,20000,VH,
8,24,,left,10000,20000,VH,
8,25,,right,10000,20000,H,
8,26,,left,10000,20000,H,
8,27,,right,10000,20000,H,
8,28,,right,10000,20000,H,
8,29,,right,10000,20000,H,
8,30,,left,10000,20000,H,
8,31,,left,10000,20000,V,
8,32,,right,10000,20000,V,
8,33,,right,10000,20000,V,
8,34,,left,10000,20000,V,
8,35,,left,10000,20000,V,
8,36,,right,10000,20000,V,
8,37,,right,10000,20000,V,
8,38,,right,10000,20000,V,
8,39,,left,10000,20000,V,
8,40,,left,10000,20000,V,
8,41,,left,10000,20000,V,
8,42,,right,10000,20000,V,
8,43,,left,10000,20000,H,
8,44,,right,10000,20000,H,
8,45,,left,10000,20000,H,
8,46,,right,10000,20000,H,
8,47,,left,10000,20000,H,
8,48,,left,10000,20000,H,
8,49,,right,10000,20000,VH,
8,50,,right,10000,20000,VH,
8,51,,right,10000,20000,VH,
8,52,,left,10000,20000,VH,
8,53,,right,10000,20000,VH,
8,54,,left,10000,20000,VH,
8,55,,left,10000,20000,H,
8,56,,right,10000,20000,H,
8,57,,right,10000,20000,H,
8,58,,left,10000,20000,H,
8,59,,left,10000,20000,H,
8,60,,right,10000,20000,H,
8,61,,left,10000,20000,VH,
8,62,,right,10000,20000,VH,
8,63,,left,10000,20000,VH,
8,64,,left,10000,20000,VH,
8,65,,right,10000,20000,VH,
8,66,,left,10000,20000,VH,
8,67,,right,10000,20000,V,
8,68,,right,10000,20000,V,
8,69,,left,10000,20000,V,
8,70,,right,10000,20000,V,
8,71,,left,10000,20000,V,
8,72,,left,10000,20000,V,
8,73,,right,10000,20000,V,
8,74,,right,10000,20000,V,
8,75,,left,10000,20000,V,
8,76,,right,10000,20000,V,
8,77,,right,10000,20000,V,
8,78,,left,10000,20000,V,
8,79,,left,10000,20000,VH,
8,80,,left,10000,20000,VH,
8,81,,right,10000,20000,VH,
8,82,,left,10000,20000,VH,
8,83,,left,10000,20000,VH,
8,84,,right,10000,20000,VH,
8,85,,left,10000,20000,H,
8,86,,left,10000,20000,H,
8,87,,right,10000,20000,H,
8,88,,right,10000,20000,H,
8,89,,right,10000,20000,H,
8,90,,right,10000,20000,H,
8,91,,left,10000,20000,H,
8,92,,left,10000,20000,H,
8,93,,left,10000,20000,H,
8,94,,left,10000,20000,H,
8,95,,right,10000,20000,H,
8,96,,right,10000,20000,H,
8,97,,right,10000,20000,VH,
8,98,,right,10000,20000,VH,
8,99,,left,10000,20000,VH,
8,100,,right,10000,20000,VH,
8,101,,left,10000,20000,VH,
8,102,,right,10000,20000,VH,
8,103,,right,10000,20000,V,
8,104,,left,10000,20000,V,
8,105,,left,10000,20000,V,
8,106,,left,10000,20000,V,
8,107,,right,10000,20000,V,
8,108,,left,10000,20000,V,
9,1,,left,10000,20000,H,
9,2,,left,10000,20000,H,
9,3,,right,10000,20000,H,
9,4,,left,10000,20000,H,
9,5,,right,10000,20000,H,
9,6,,left,10000,20000,H,
9,7,,left,10000,20000,V,
9,8,,left,10000,20000,V,
9,9,,right,10000,20000,V,
9,10,,right,10000,20000,V,
9,11,,right,10000,20000,V,
9,12,,left,10000,20000,V,
9,13,,right,10000,20000,VH,
9,14,,left,10000,20000,VH,
9,15,,right,10000,20000,VH,
9,16,,right,10000,20000,VH,
9,17,,right,10000,20000,VH,
9,18,,right,10000,20000,VH,
9,19,,right,10000,20000,V,
9,20,,left,10000,20000,V,
9,21,,right,10000,20000,V,
9,22,,right,10000,20000,V,
9,23,,left,10000,20000,V,
9,24,,left,10000,20000,V,
9,25,,left,10000,20000,H,
9,26,,left,10000,20000,H,
9,27,,left,10000,20000,H,
9,28,,left,10000,20000,H,
9,29,,left,10000,20000,H,
9,30,,left,10000,20000,H,
9,31,,right,10000,20000,VH,
9,32,,left,10000,20000,VH,
9,33,,right,10000,20000,VH,
9,34,,right,10000,20000,VH,
9,35,,left,10000,20000,VH,
9,36,,left,10000,20000,VH,
9,37,,left,10000,20000,H,
9,38,,right,10000,20000,H,
9,39,,right,10000,20000,H,
9,40,,right,10000,20000,H,
9,41,,right,10000,20000,H,
9,42,,right,10000,20000,H,
9,43,,right,10000,20000,V,
9,44,,left,10000,20000,V,
9,45,,right,10000,20000,V,
9,46,,right,10000,20000,V,
9,47,,left,10000,20000,V,
9,48,,right,10000,20000,V,
9,49,,left,10000,20000,VH,
9,50,,left,10000,20000,VH,
9,51,,right,10000,20000,VH,
9,52,,left,10000,20000,VH,
9,53,,right,10000,20000,VH,
9,54,,left,10000,20000,VH,
9,55,,left,10000,20000,V,
9,56,,left,10000,20000,V,
9,57,,right,10000,20000,V,
9,58,,left,10000,20000,V,
9,59,,right,10000,20000,V,
9,60,,right,10000,20000,V,
9,61,,right,10000,20000,H,
9,62,,left,10000,20000,H,
9,63,,left,10000,20000,H,
9,64,,left,10000,20000,H,
9,65,,left,10000,20000,H,
9,66,,right,10000,20000,H,
9,67,,right,10000,20000,VH,
9,68,,right,10000,20000,VH,
9,69,,right,10000,20000,VH,
9,70,,left,10000,20000,VH,
9,71,,left,10000,20000,VH,
9,72,,right,10000,20000,VH,
9,73,,left,10000,20000,VH,
9,74,,left,10000,20000,VH,
9,75,,right,10000,20000,VH,
9,76,,right,10000,20000,VH,
9,77,,right,10000,20000,VH,
9,78,,left,10000,20000,VH,
9,79,,right,10000,20000,H,
9,80,,right,10000,20000,H,
9,81,,left,10000,20000,H,
9,82,,right,10000,20000,H,
9,83,,right,10000,20000,H,
9,84,,left,10000,20000,H,
9,85,,left,10000,20000,V,
9,86,,right,10000,20000,V,
9,87,,right,10000,20000,V,
9,88,,right,10000,20000,V,
9,89,,left,10000,20000,V,
9,90,,left,10000,20000,V,
9,91,,right,10000,20000,VH,
9,92,,left,10000,20000,VH,
9,93,,left,10000,20000,VH,
9,94,,left,10000,20000,VH,
9,95,,left,10000,20000,VH,
9,96,,left,10000,20000,VH,
9,97,,left,10000,20000,V,
9,98,,left,10000,20000,V,
9,99,,right,10000,20000,V,
9,100,,right,10000,20000,V,
9,101,,left,10000,20000,V,
9,102,,left,10000,20000,V,
9,103,,right,10000,20000,H,
9,104,,right,10000,20000,H,
9,105,,left,10000,20000,H,
9,106,,right,10000,20000,H,
9,107,,right,10000,20000,H,
9,108,,right,10000,20000,H,
10,1,,left,10000,20000,VH,
10,2,,left,10000,20000,VH,
10,3,,right,10000,20000,VH,
10,4,,left,10000,20000,VH,
10,5,,right,10000,20000,VH,
10,6,,right,10000,20000,VH,
10,7,,right,10000,20000,V,
10,8,,left,10000,20000,V,
10,9,,left,10000,20000,V,
10,10,,left,10000,20000,V,
10,11,,left,10000,20000,V,
10,12,,right,10000,20000,V,
10,13,,left,10000,20000,H,
10,14,,left,10000,20000,H,
10,15,,left,10000,20000,H,
10,16,,right,10000,20000,H,
10,17,,right,10000,20000,H,
10,18,,left,10000,20000,H,
10,19,,right,10000,20000,V,
10,20,,right,10000,20000,V,
10,21,,right,10000,20000,V,
10,22,,left,10000,20000,V,
10,23,,right,10000,20000,V,
10,24,,left,10000,20000,V,
10,25,,left,10000,20000,H,
10,26,,left,10000,20000,H,
10,27,,left,10000,20000,H,
10,28,,right,10000,20000,H,
10,29,,left,10000,20000,H,
10,30,,left,10000,20000,H,
10,31,,right,10000,20000,VH,
10,32,,right,10000,20000,VH,
10,33,,left,10000,20000,VH,
10,34,,left,10000,20000,VH,
10,35,,right,10000,20000,VH,
10,36,,right,10000,20000,VH,
10,37,,right,10000,20000,VH,
10,38,,right,10000,20000,VH,
10,39,,left,10000,20000,VH,
10,40,,right,10000,20000,VH,
10,41,,left,10000,20000,VH,
10,42,,right,10000,20000,VH,
10,43,,right,10000,20000,V,
10,44,,left,10000,20000,V,
10,45,,left,10000,20000,V,
10,46,,right,10000,20000,V,
10,47,,left,10000,20000,V,
10,48,,left,10000,20000,V,
10,49,,right,10000,20000,H,
10,50,,right,10000,20000,H,
10,51,,right,10000,20000,H,
10,52,,left,10000,20000,H,
10,53,,left,10000,20000,H,
10,54,,right,10000,20000,H,
10,55,,left,10000,20000,VH,
10,56,,right,10000,20000,VH,
10,57,,right,10000,20000,VH,
10,58,,left,10000,20000,VH,
10,59,,right,10000,20000,VH,
10,60,,left,10000,20000,VH,
10,61,,right,10000,20000,V,
10,62,,left,10000,20000,V,
10,63,,right,10000,20000,V,
10,64,,right,10000,20000,V,
10,65,,right,10000,20000,V,
10,66,,right,10000,20000,V,
10,67,,right,10000,20000,H,
10,68,,left,10000,20000,H,
10,69,,right,10000,20000,H,
10,70,,right,10000,20000,H,
10,71,,left,10000,20000,H,
10,72,,left,10000,20000,H,
10,73,,left,10000,20000,VH,
10,74,,left,10000,20000,VH,
10,75,,left,10000,20000,VH,
10,76,,left,10000,20000,VH,
10,77,,left,10000,20000,VH,
10,78,,right,10000,20000,VH,
10,79,,left,10000,20000,H,
10,80,,right,10000,20000,H,
10,81,,right,10000,20000,H,
10,82,,right,10000,20000,H,
10,83,,right,10000,20000,H,
10,84,,left,10000,20000,H,
10,85,,left,10000,20000,V,
10,86,,left,10000,20000,V,
10,87,,right,10000,20000,V,
10,88,,left,10000,20000,V,
10,89,,left,10000,20000,V,
10,90,,right,10000,20000,V,
10,91,,right,10000,20000,H,
10,92,,right,10000,20000,H,
10,93,,right,10000,20000,H,
10,94,,left,10000,20000,H,
10,95,,left,10000,20000,H,
10,96,,right,10000,20000,H,
10,97,,right,10000,20000,VH,
10,98,,left,10000,20000,VH,
10,99,,left,10000,20000,VH,
10,100,,right,10000,20000,VH,
10,101,,left,10000,20000,VH,
10,102,,right,10000,20000,VH,
10,103,,right,10000,20000,V,
10,104,,left,10000,20000,V,
10,105,,left,10000,20000,V,
10,106,,right,10000,20000,V,
10,107,,left,10000,20000,V,
10,108,,right,10000,20000,V,
11,1,,left,10000,20000,H,
11,2,,right,10000,20000,H,
11,3,,left,10000,20000,H,
11,4,,right,10000,20000,H,
11,5,,left,10000,20000,H,
11,6,,right,10000,20000,H,
11,7,,right,10000,20000,V,
11,8,,left,10000,20000,V,
11,9,,right,10000,20000,V,
11,10,,right,10000,20000,V,
11,11,,left,10000,20000,V,
11,12,,left,10000,20000,V,
11,13,,right,10000,20000,VH,
11,14,,right,10000,20000,VH,
11,15,,right,10000,20000,VH,
11,16,,left,10000,20000,VH,
11,17,,left,10000,20000,VH,
11,18,,left,10000,20000,VH,
11,19,,right,10000,20000,V,
11,20,,left,10000,20000,V,
11,21,,left,10000,20000,V,
11,22,,left,10000,20000,V,
11,23,,left,10000,20000,V,
11,24,,right,10000,20000,V,
11,25,,left,10000,20000,H,
11,26,,right,10000,20000,H,
11,27,,left,10000,20000,H,
11,28,,left,10000,20000,H,
11,29,,right,10000,20000,H,
11,30,,left,10000,20000,H,
11,31,,left,10000,20000,VH,
11,32,,right,10000,20000,VH,
11,33,,right,10000,20000,VH,
11,34,,right,10000,20000,VH,
11,35,,left,10000,20000,VH,
11,36,,right,10000,20000,VH,
11,37,,right,10000,20000,H,
11,38,,left,10000,20000,H,
11,39,,right,10000,20000,H,
11,40,,left,10000,20000,H,
11,41,,right,10000,20000,H,
11,42,,right,10000,20000,H,
11,43,,left,10000,20000,VH,
11,44,,left,10000,20000,VH,
11,45,,left,10000,20000,VH,
11,46,,left,10000,20000,VH,
11,47,,right,10000,20000,VH,
11,48,,left,10000,20000,VH,
11,49,,right,10000,20000,V,
11,50,,left,10000,20000,V,
11,51,,right,10000,20000,V,
11,52,,left,10000,20000,V,
11,53,,left,10000,20000,V,
11,54,,left,10000,20000,V,
11,55,,left,10000,20000,V,
11,56,,right,10000,20000,V,
11,57,,left,10000,20000,V,
11,58,,left,10000,20000,V,
11,59,,left,10000,20000,V,
11,60,,right,10000,20000,V,
11,61,,right,10000,20000,H,
11,62,,left,10000,20000,H,
11,63,,left,10000,20000,H,
11,64,,left,10000,20000,H,
11,65,,right,10000,20000,H,
11,66,,right,10000,20000,H,
11,67,,left,10000,20000,VH,
11,68,,right,10000,20000,VH,
11,69,,left,10000,20000,VH,
11,70,,left,10000,20000,VH,
11,71,,right,10000,20000,VH,
11,72,,left,10000,20000,VH,
11,73,,left,10000,20000,H,
11,74,,right,10000,20000,H,
11,75,,right,10000,20000,H,
11,76,,left,10000,20000,H,
11,77,,right,10000,20000,H,
11,78,,right,10000,20000,H,
11,79,,right,10000,20000,V,
11,80,,left,10000,20000,V,
11,81,,right,10000,20000,V,
11,82,,right,10000,20000,V,
11,83,,right,10000,20000,V,
11,84,,left,10000,20000,V,
11,85,,right,10000,20000,VH,
11,86,,left,10000,20000,VH,
11,87,,left,10000,20000,VH,
11,88,,right,10000,20000,VH,
11,89,,left,10000,20000,VH,
11,90,,right,10000,20000,VH,
11,91,,right,10000,20000,H,
11,92,,right,10000,20000,H,
11,93,,left,10000,20000,H,
11,94,,left,10000,20000,H,
11,95,,left,10000,20000,H,
11,96,,left,10000,20000,H,
11,97,,left,10000,20000,VH,
11,98,,right,10000,20000,VH,
11,99,,right,10000,20000,VH,
11,100,,right,10000,20000,VH,
11,101,,right,10000,20000,VH,
11,102,,right,10000,20000,VH,
11,103,,right,10000,20000,V,
11,104,,right,10000,20000,V,
11,105,,right,10000,20000,V,
11,106,,left,10000,20000,V,
11,107,,right,10000,20000,V,
11,108,,right,10000,20000,V,
12,1,,right,10000,20000,VH,
12,2,,left,10000,20000,VH,
12,3,,right,10000,20000,VH,
12,4,,left,10000,20000,VH,
12,5,,left,10000,20000,VH,
12,6,,left,10000,20000,VH,
12,7,,right,10000,20000,H,
12,8,,right,10000,20000,H,
12,9,,right,10000,20000,H,
12,10,,left,10000,20000,H,
12,11,,right,10000,20000,H,
12,12,,left,10000,20000,H,
12,13,,right,10000,20000,V,
12,14,,left,10000,20000,V,
12,15,,right,10000,20000,V,
12,16,,right,10000,20000,V,
12,17,,left,10000,20000,V,
12,18,,left,10000,20000,V,
12,19,,right,10000,20000,V,
12,20,,right,10000,20000,V,
12,21,,right,10000,20000,V,
12,22,,left,10000,20000,V,
12,23,,left,10000,20000,V,
12,24,,left,10000,20000,V,
12,25,,left,10000,20000,H,
12,26,,left,10000,20000,H,
12,27,,left,10000,20000,H,
12,28,,right,10000,20000,H,
12,29,,right,10000,20000,H,
12,30,,right,10000,20000,H,
12,31,,left,10000,20000,VH,
12,32,,right,10000,20000,VH,
12,33,,right,10000,20000,VH,
12,34,,left,10000,20000,VH,
12,35,,left,10000,20000,VH,
12,36,,left,10000,20000,VH,
12,37,,right,10000,20000,VH,
12,38,,right,10000,20000,VH,
12,39,,right,10000,20000,VH,
12,40,,left,10000,20000,VH,
12,41,,right,10000,20000,VH,
12,42,,right,10000,20000,VH,
12,43,,right,10000,20000,V,
12,44,,right,10000,20000,V,
12,45,,left,10000,20000,V,
12,46,,left,10000,20000,V,
12,47,,right,10000,20000,V,
12,48,,right,10000,20000,V,
12,49,,right,10000,20000,H,
12,50,,right,10000,20000,H,
12,51,,left,10000,20000,H,
12,52,,left,10000,20000,H,
12,53,,right,10000,20000,H,
12,54,,left,10000,20000,H,
12,55,,right,10000,20000,V,
12,56,,left,10000,20000,V,
12,57,,left,10000,20000,V,
12,58,,right,10000,20000,V,
12,59,,left,10000,20000,V,
12,60,,right,10000,20000,V,
12,61,,left,10000,20000,H,
12,62,,right,10000,20000,H,
12,63,,left,10000,20000,H,
12,64,,left,10000,20000,H,
12,65,,left,10000,20000,H,
12,66,,right,10000,20000,H,
12,67,,left,10000,20000,VH,
12,68,,left,10000,20000,VH,
12,69,,left,10000,20000,VH,
12,70,,left,10000,20000,VH,
12,71,,right,10000,20000,VH,
12,72,,left,10000,20000,VH,
12,73,,right,10000,20000,V,
12,74,,left,10000,20000,V,
12,75,,right,10000,20000,V,
12,76,,left,10000,20000,V,
12,77,,left,10000,20000,V,
12,78,,left,10000,20000,V,
12,79,,left,10000,20000,H,
12,80,,left,10000,20000,H,
12,81,,right,10000,20000,H,
12,82,,left,10000,20000,H,
12,83,,right,10000,20000,H,
12,84,,left,10000,20000,H,
12,85,,left,10000,20000,VH,
12,86,,left,10000,20000,VH,
12,87,,right,10000,20000,VH,
12,88,,right,10000,20000,VH,
12,89,,right,10000,20000,VH,
12,90,,right,10000,20000,VH,
12,91,,left,10000,20000,V,
12,92,,right,10000,20000,V,
12,93,,right,10000,20000,V,
12,94,,left,10000,20000,V,
12,95,,left,10000,20000,V,
12,96,,right,10000,20000,V,
12,97,,left,10000,20000,VH,
12,98,,left,10000,20000,VH,
12,99,,right,10000,20000,VH,
12,100,,right,10000,20000,VH,
12,101,,right,10000,20000,VH,
12,102,,right,10000,20000,VH,
12,103,,left,10000,20000,H,
12,104,,left,10000,20000,H,
12,105,,right,10000,20000,H,
12,106,,right,10000,20000,H,
12,107,,right,10000,20000,H,
12,108,,right,10000,20000,H,
13,1,,left,10000,20000,VH,
13,2,,left,10000,20000,VH,
13,3,,left,10000,20000,VH,
13,4,,right,10000,20000,VH,
13,5,,right,10000,20000,VH,
13,6,,right,10000,20000,VH,
13,7,,left,10000,20000,V,
13,8,,left,10000,20000,V,
13,9,,right,10000,20000,V,
13,10,,right,10000,20000,V,
13,11,,right,10000,20000,V,
13,12,,right,10000,20000,V,
13,13,,left,10000,20000,H,
13,14,,left,10000,20000,H,
13,15,,right,10000,20000,H,
13,16,,left,10000,20000,H,
13,17,,right,10000,20000,H,
13,18,,left,10000,20000,H,
13,19,,left,10000,20000,V,
13,20,,left,10000,20000,V,
13,21,,left,10000,20000,V,
13,22,,left,10000,20000,V,
13,23,,right,10000,20000,V,
13,24,,left,10000,20000,V,
13,25,,right,10000,20000,H,
13,26,,left,10000,20000,H,
13,27,,right,10000,20000,H,
13,28,,right,10000,20000,H,
13,29,,left,10000,20000,H,
13,30,,left,10000,20000,H,
13,31,,left,10000,20000,VH,
13,32,,right,10000,20000,VH,
13,33,,left,10000,20000,VH,
13,34,,left,10000,20000,VH,
13,35,,left,10000,20000,VH,
13,36,,right,10000,20000,VH,
13,37,,right,10000,20000,VH,
13,38,,right,10000,20000,VH,
13,39,,left,10000,20000,VH,
13,40,,right,10000,20000,VH,
13,41,,left,10000,20000,VH,
13,42,,right,10000,20000,VH,
13,43,,left,10000,20000,V,
13,44,,left,10000,20000,V,
13,45,,left,10000,20000,V,
13,46,,right,10000,20000,V,
13,47,,right,10000,20000,V,
13,48,,right,10000,20000,V,
13,49,,left,10000,20000,H,
13,50,,right,10000,20000,H,
13,51,,left,10000,20000,H,
13,52,,left,10000,20000,H,
13,53,,right,10000,20000,H,
13,54,,left,10000,20000,H,
13,55,,right,10000,20000,VH,
13,56,,right,10000,20000,VH,
13,57,,left,10000,20000,VH,
13,58,,right,10000,20000,VH,
13,59,,left,10000,20000,VH,
13,60,,right,10000,20000,VH,
13,61,,right,10000,20000,H,
13,62,,right,10000,20000,H,
13,63,,right,10000,20000,H,
13,64,,left,10000,20000,H,
13,65,,right,10000,20000,H,
13,66,,right,10000,20000,H,
13,67,,left,10000,20000,V,
13,68,,right,10000,20000,V,
13,69,,right,10000,20000,V,
13,70,,left,10000,20000,V,
13,71,,right,10000,20000,V,
13,72,,right,10000,20000,V,
13,73,,left,10000,20000,V,
13,74,,right,10000,20000,V,
13,75,,left,10000,20000,V,
13,76,,right,10000,20000,V,
13,77,,left,10000,20000,V,
13,78,,right,10000,20000,V,
13,79,,right,10000,20000,H,
13,80,,right,10000,20000,H,
13,81,,left,10000,20000,H,
13,82,,left,10000,20000,H,
13,83,,left,10000,20000,H,
13,84,,right,10000,20000,H,
13,85,,left,10000,20000,VH,
13,86,,right,10000,20000,VH,
13,87,,left,10000,20000,VH,
13,88,,left,10000,20000,VH,
13,89,,left,10000,20000,VH,
13,90,,right,10000,20000,VH,
13,91,,left,10000,20000,VH,
13,92,,right,10000,20000,VH,
13,93,,left,10000,20000,VH,
13,94,,right,10000,20000,VH,
13,95,,right,10000,20000,VH,
13,96,,left,10000,20000,VH,
13,97,,right,10000,20000,H,
13,98,,left,10000,20000,H,
13,99,,right,10000,20000,H,
13,100,,right,10000,20000,H,
13,101,,left,10000,20000,H,
13,102,,left,10000,20000,H,
13,103,,right,10000,20000,V,
13,104,,left,10000,20000,V,
13,105,,left,10000,20000,V,
13,106,,left,10000,20000,V,
13,107,,right,10000,20000,V,
13,108,,right,10000,20000,V,
14,1,,left,10000,20000,H,
14,2,,right,10000,20000,H,
14,3,,right,10000,20000,H,
14,4,,left,10000,20000,H,
14,5,,left,10000,20000,H,
14,6,,left,10000,20000,H,
14,7,,right,10000,20000,VH,
14,8,,left,10000,20000,VH,
14,9,,left,10000,20000,VH,
14,10,,right,10000,20000,VH,
14,11,,left,10000,20000,VH,
14,12,,right,10000,20000,VH,
14,13,,left,10000,20000,V,
14,14,,right,10000,20000,V,
14,15,,left,10000,20000,V,
14,16,,left,10000,20000,V,
14,17,,right,10000,20000,V,
14,18,,right,10000,20000,V,
14,19,,right,10000,20000,VH,
14,20,,right,10000,20000,VH,
14,21,,right,10000,20000,VH,
14,22,,right,10000,20000,VH,
14,23,,left,10000,20000,VH,
14,24,,right,10000,20000,VH,
14,25,,right,10000,20000,V,
14,26,,left,10000,20000,V,
14,27,,right,10000,20000,V,
14,28,,left,10000,20000,V,
14,29,,left,10000,20000,V,
14,30,,right,10000,20000,V,
14,31,,left,10000,20000,H,
14,32,,left,10000,20000,H,
14,33,,right,10000,20000,H,
14,34,,left,10000,20000,H,
14,35,,left,10000,20000,H,
14,36,,right,10000,20000,H,
14,37,,left,10000,20000,V,
14,38,,right,10000,20000,V,
14,39,,right,10000,20000,V,
14,40,,left,10000,20000,V,
14,41,,right,10000,20000,V,
14,42,,left,10000,20000,V,
14,43,,left,10000,20000,H,
14,44,,right,10000,20000,H,
14,45,,right,10000,20000,H,
14,46,,right,10000,20000,H,
14,47,,right,10000,20000,H,
14,48,,right,10000,20000,H,
14,49,,right,10000,20000,VH,
14,50,,right,10000,20000,VH,
14,51,,right,10000,20000,VH,
14,52,,left,10000,20000,VH,
14,53,,left,10000,20000,VH,
14,54,,left,10000,20000,VH,
14,55,,right,10000,20000,VH,
14,56,,left,10000,20000,VH,
14,57,,left,10000,20000,VH,
14,58,,right,10000,20000,VH,
14,59,,right,10000,20000,VH,
14,60,,left,10000,20000,VH,
14,61,,left,10000,20000,V,
14,62,,right,10000,20000,V,
14,63,,left,10000,20000,V,
14,64,,right,10000,20000,V,
14,65,,right,10000,20000,V,
14,66,,right,10000,20000,V,
14,67,,left,10000,20000,H,
14,68,,right,10000,20000,H,
14,69,,right,10000,20000,H,
14,70,,right,10000,20000,H,
14,71,,left,10000,20000,H,
14,72,,right,10000,20000,H,
14,73,,left,10000,20000,VH,
14,74,,right,10000,20000,VH,
14,75,,left,10000,20000,VH,
14,76,,left,10000,20000,VH,
14,77,,left,10000,20000,VH,
14,78,,left,10000,20000,VH,
14,79,,left,10000,20000,V,
14,80,,left,10000,20000,V,
14,81,,left,10000,20000,V,
14,82,,right,10000,20000,V,
14,83,,left,10000,20000,V,
14,84,,left,10000,20000,V,
14,85,,left,10000,20000,H,
14,86,,left,10000,20000,H,
14,87,,right,10000,20000,H,
14,88,,left,10000,20000,H,
14,89,,right,10000,20000,H,
14,90,,right,10000,20000,H,
14,91,,left,10000,20000,VH,
14,92,,left,10000,20000,VH,
14,93,,right,10000,20000,VH,
14,94,,right,10000,20000,VH,
14,95,,right,10000,20000,VH,
14,96,,left,10000,20000,VH,
14,97,,right,10000,20000,V,
14,98,,left,10000,20000,V,
14,99,,left,10000,20000,V,
14,100,,right,10000,20000,V,
14,101,,right,10000,20000,V,
14,102,,right,10000,20000,V,
14,103,,left,10000,20000,H,
14,104,,left,10000,20000,H,
14,105,,right,10000,20000,H,
14,106,,left,10000,20000,H,
14,107,,left,10000,20000,H,
14,108,,right,10000,20000,H,
15,1,,left,10000,20000,VH,
15,2,,right,10000,20000,VH,
15,3,,right,10000,20000,VH,
15,4,,right,10000,20000,VH,
15,5,,right,10000,20000,VH,
15,6,,right,10000,20000,VH,
15,7,,right,10000,20000,V,
15,8,,right,10000,20000,V,
15,9,,right,10000,20000,V,
15,10,,left,10000,20000,V,
15,11,,right,10000,20000,V,
15,12,,left,10000,20000,V,
15,13,,left,10000,20000,H,
15,14,,left,10000,20000,H,
15,15,,right,10000,20000,H,
15,16,,right,10000,20000,H,
15,17,,right,10000,20000,H,
15,18,,right,10000,20000,H,
15,19,,left,10000,20000,V,
15,20,,left,10000,20000,V,
15,21,,left,10000,20000,V,
15,22,,left,10000,20000,V,
15,23,,left,10000,20000,V,
15,24,,right,10000,20000,V,
15,25,,left,10000,20000,VH,
15,26,,left,10000,20000,VH,
15,27,,right,10000,20000,VH,
15,28,,left,10000,20000,VH,
15,29,,right,10000,20000,VH,
15,30,,left,10000,20000,VH,
15,31,,right,10000,20000,H,
15,32,,right,10000,20000,H,
15,33,,left,10000,20000,H,
15,34,,left,10000,20000,H,
15,35,,left,10000,20000,H,
15,36,,left,10000,20000,H,
15,37,,left,10000,20000,V,
15,38,,left,10000,20000,V,
15,39,,left,10000,20000,V,
15,40,,left,10000,20000,V,
15,41,,right,10000,20000,V,
15,42,,right,10000,20000,V,
15,43,,right,10000,20000,H,
15,44,,right,10000,20000,H,
15,45,,left,10000,20000,H,
15,46,,right,10000,20000,H,
15,47,,right,10000,20000,H,
15,48,,right,10000,20000,H,
15,49,,left,10000,20000,VH,
15,50,,left,10000,20000,VH,
15,51,,right,10000,20000,VH,
15,52,,right,10000,20000,VH,
15,53,,left,10000,20000,VH,
15,54,,left,10000,20000,VH,
15,55,,right,10000,20000,VH,
15,56,,right,10000,20000,VH,
15,57,,right,10000,20000,VH,
15,58,,left,10000,20000,VH,
15,59,,right,10000,20000,VH,
15,60,,left,10000,20000,VH,
15,61,,right,10000,20000,H,
15,62,,right,10000,20000,H,
15,63,,right,10000,20000,H,
15,64,,left,10000,20000,H,
15,65,,left,10000,20000,H,
15,66,,left,10000,20000,H,
15,67,,right,10000,20000,V,
15,68,,right,10000,20000,V,
15,69,,right,10000,20000,V,
15,70,,right,10000,20000,V,
15,71,,right,10000,20000,V,
15,72,,right,10000,20000,V,
15,73,,right,10000,20000,H,
15,74,,left,10000,20000,H,
15,75,,left,10000,20000,H,
15,76,,left,10000,20000,H,
15,77,,left,10000,20000,H,
15,78,,left,10000,20000,H,
15,79,,left,10000,20000,VH,
15,80,,right,10000,20000,VH,
15,81,,left,10000,20000,VH,
15,82,,right,10000,20000,VH,
15,83,,left,10000,20000,VH,
15,84,,right,10000,20000,VH,
15,85,,left,10000,20000,V,
15,86,,left,10000,20000,V,
15,87,,right,10000,20000,V,
15,88,,left,10000,20000,V,
15,89,,right,10000,20000,V,
15,90,,left,10000,20000,V,
15,91,,right,10000,20000,VH,
15,92,,right,10000,20000,VH,
15,93,,left,10000,20000,VH,
15,94,,left,10000,20000,VH,
15,95,,left,10000,20000,VH,
15,96,,left,10000,20000,VH,
15,97,,right,10000,20000,H,
15,98,,left,10000,20000,H,
15,99,,right,10000,20000,H,
15,100,,left,10000,20000,H,
15,101,,left,10000,20000,H,
15,102,,right,10000,20000,H,
15,103,,left,10000,20000,V,
15,104,,left,10000,20000,V,
15,105,,right,10000,20000,V,
15,106,,left,10000,20000,V,
15,107,,right,10000,20000,V,
15,108,,right,10000,20000,V,
16,1,,right,10000,20000,V,
16,2,,left,10000,20000,V,
16,3,,left,10000,20000,V,
16,4,,left,10000,20000,V,
16,5,,left,10000,20000,V,
16,6,,left,10000,20000,V,
16,7,,right,10000,20000,VH,
16,8,,left,10000,20000,VH,
16,9,,right,10000,20000,VH,
16,10,,left,10000,20000,VH,
16,11,,right,10000,20000,VH,
16,12,,right,10000,20000,VH,
16,13,,left,10000,20000,H,
16,14,,right,10000,20000,H,
16,15,,left,10000,20000,H,
16,16,,left,10000,20000,H,
16,17,,left,10000,20000,H,
16,18,,right,10000,20000,H,
16,19,,right,10000,20000,V,
16,20,,right,10000,20000,V,
16,21,,right,10000,20000,V,
16,22,,left,10000,20000,V,
16,23,,right,10000,20000,V,
16,24,,right,10000,20000,V,
16,25,,right,10000,20000,VH,
16,26,,left,10000,20000,VH,
16,27,,right,10000,20000,VH,
16,28,,left,10000,20000,VH,
16,29,,left,10000,20000,VH,
16,30,,left,10000,20000,VH,
16,31,,left,10000,20000,H,
16,32,,right,10000,20000,H,
16,33,,right,10000,20000,H,
16,34,,left,10000,20000,H,
16,35,,right,10000,20000,H,
16,36,,left,10000,20000,H,
16,37,,left,10000,20000,V,
16,38,,left,10000,20000,V,
16,39,,right,10000,20000,V,
16,40,,left,10000,20000,V,
16,41,,right,10000,20000,V,
16,42,,right,10000,20000,V,
16,43,,right,10000,20000,VH,
16,44,,right,10000,20000,VH,
16,45,,left,10000,20000,VH,
16,46,,left,10000,20000,VH,
16,47,,right,10000,20000,VH,
16,48,,right,10000,20000,VH,
16,49,,right,10000,20000,H,
16,50,,left,10000,20000,H,
16,51,,right,10000,20000,H,
16,52,,left,10000,20000,H,
16,53,,right,10000,20000,H,
16,54,,left,10000,20000,H,
16,55,,left,10000,20000,VH,
16,56,,left,10000,20000,VH,
16,57,,left,10000,20000,VH,
16,58,,left,10000,20000,VH,
16,59,,right,10000,20000,VH,
16,60,,left,10000,20000,VH,
16,61,,left,10000,20000,H,
16,62,,left,10000,20000,H,
16,63,,right,10000,20000,H,
16,64,,right,10000,20000,H,
16,65,,right,10000,20000,H,
16,66,,right,10000,20000,H,
16,67,,right,10000,20000,V,
16,68,,left,10000,20000,V,
16,69,,left,10000,20000,V,
16,70,,right,10000,20000,V,
16,71,,right,10000,20000,V,
16,72,,left,10000,20000,V,
16,73,,right,10000,20000,VH,
16,74,,left,10000,20000,VH,
16,75,,left,10000,20000,VH,
16,76,,left,10000,20000,VH,
16,77,,right,10000,20000,VH,
16,78,,left,10000,20000,VH,
16,79,,left,10000,20000,H,
16,80,,left,10000,20000,H,
16,81,,right,10000,20000,H,
16,82,,right,10000,20000,H,
16,83,,left,10000,20000,H,
16,84,,right,10000,20000,H,
16,85,,left,10000,20000,V,
16,86,,right,10000,20000,V,
16,87,,right,10000,20000,V,
16,88,,right,10000,20000,V,
16,89,,left,10000,20000,V,
16,90,,right,10000,20000,V,
16,91,,right,10000,20000,VH,
16,92,,left,10000,20000,VH,
16,93,,right,10000,20000,VH,
16,94,,right,10000,20000,VH,
16,95,,right,10000,20000,VH,
16,96,,right,10000,20000,VH,
16,97,,right,10000,20000,H,
16,98,,right,10000,20000,H,
16,99,,left,10000,20000,H,
16,100,,right,10000,20000,H,
16,101,,left,10000,20000,H,
16,102,,left,10000,20000,H,
16,103,,right,10000,20000,V,
16,104,,right,10000,20000,V,
16,105,,left,10000,20000,V,
16,106,,left,10000,20000,V,
16,107,,left,10000,20000,V,
16,108,,left,10000,20000,V,
17,1,,left,10000,20000,H,
17,2,,left,10000,20000,H,
17,3,,left,10000,20000,H,
17,4,,right,10000,20000,H,
17,5,,right,10000,20000,H,
17,6,,right,10000,20000,H,
17,7,,left,10000,20000,V,
17,8,,right,10000,20000,V,
17,9,,right,10000,20000,V,
17,10,,right,10000,20000,V,
17,11,,right,10000,20000,V,
17,12,,right,10000,20000,V,
17,13,,right,10000,20000,VH,
17,14,,left,10000,20000,VH,
17,15,,right,10000,20000,VH,
17,16,,right,10000,20000,VH,
17,17,,left,10000,20000,VH,
17,18,,right,10000,20000,VH,
17,19,,left,10000,20000,VH,
17,20,,right,10000,20000,VH,
17,21,,left,10000,20000,VH,
17,22,,left,10000,20000,VH,
17,23,,left,10000,20000,VH,
17,24,,left,10000,20000,VH,
17,25,,left,10000,20000,H,
17,26,,right,10000,20000,H,
17,27,,left,10000,20000,H,
17,28,,left,10000,20000,H,
17,29,,right,10000,20000,H,
17,30,,left,10000,20000,H,
17,31,,left,10000,20000,V,
17,32,,left,10000,20000,V,
17,33,,left,10000,20000,V,
17,34,,left,10000,20000,V,
17,35,,right,10000,20000,V,
17,36,,left,10000,20000,V,
17,37,,left,10000,20000,H,
17,38,,left,10000,20000,H,
17,39,,left,10000,20000,H,
17,40,,left,10000,20000,H,
17,41,,left,10000,20000,H,
17,42,,left,10000,20000,H,
17,43,,left,10000,20000,VH,
17,44,,left,10000,20000,VH,
17,45,,left,10000,20000,VH,
17,46,,left,10000,20000,VH,
17,47,,left,10000,20000,VH,
17,48,,right,10000,20000,VH,
17,49,,left,10000,20000,V,
17,50,,left,10000,20000,V,
17,51,,right,10000,20000,V,
17,52,,left,10000,20000,V,
17,53,,left,10000,20000,V,
17,54,,right,10000,20000,V,
17,55,,left,10000,20000,H,
17,56,,right,10000,20000,H,
17,57,,right,10000,20000,H,
17,58,,right,10000,20000,H,
17,59,,right,10000,20000,H,
17,60,,left,10000,20000,H,
17,61,,left,10000,20000,V,
17,62,,right,10000,20000,V,
17,63,,right,10000,20000,V,
17,64,,right,10000,20000,V,
17,65,,right,10000,20000,V,
17,66,,right,10000,20000,V,
17,67,,right,10000,20000,VH,
17,68,,left,10000,20000,VH,
17,69,,right,10000,20000,VH,
17,70,,left,10000,20000,VH,
17,71,,right,10000,20000,VH,
17,72,,right,10000,20000,VH,
17,73,,right,10000,20000,V,
17,74,,left,10000,20000,V,
17,75,,left,10000,20000,V,
17,76,,left,10000,20000,V,
17,77,,left,10000,20000,V,
17,78,,right,10000,20000,V,
17,79,,right,10000,20000,VH,
17,80,,left,10000,20000,VH,
17,81,,right,10000,20000,VH,
17,82,,right,10000,20000,VH,
17,83,,left,10000,20000,VH,
17,84,,right,10000,20000,VH,
17,85,,right,10000,20000,H,
17,86,,left,10000,20000,H,
17,87,,right,10000,20000,H,
17,88,,right,10000,20000,H,
17,89,,right,10000,20000,H,
17,90,,right,10000,20000,H,
17,91,,right,10000,20000,VH,
17,92,,left,10000,20000,VH,
17,93,,right,10000,20000,VH,
17,94,,right,10000,20000,VH,
17,95,,left,10000,20000,VH,
17,96,,right,10000,20000,VH,
17,97,,right,10000,20000,V,
17,98,,left,10000,20000,V,
17,99,,right,10000,20000,V,
17,100,,right,10000,20000,V,
17,101,,left,10000,20000,V,
17,102,,left,10000,20000,V,
17,103,,right,10000,20000,H,
17,104,,right,10000,20000,H,
17,105,,left,10000,20000,H,
17,106,,left,10000,20000,H,
17,107,,right,10000,20000,H,
17,108,,right,10000,20000,H,
18,1,,left,10000,20000,VH,
18,2,,left,10000,20000,VH,
18,3,,right,10000,20000,VH,
18,4,,left,10000,20000,VH,
18,5,,right,10000,20000,VH,
18,6,,left,10000,20000,VH,
18,7,,right,10000,20000,V,
18,8,,left,10000,20000,V,
18,9,,right,10000,20000,V,
18,10,,left,10000,20000,V,
18,11,,right,10000,20000,V,
18,12,,left,10000,20000,V,
18,13,,right,10000,20000,H,
18,14,,right,10000,20000,H,
18,15,,right,10000,20000,H,
18,16,,left,10000,20000,H,
18,17,,left,10000,20000,H,
18,18,,left,10000,20000,H,
18,19,,left,10000,20000,H,
18,20,,left,10000,20000,H,
18,21,,left,10000,20000,H,
18,22,,left,10000,20000,H,
18,23,,left,10000,20000,H,
18,24,,left,10000,20000,H,
18,25,,left,10000,20000,V,
18,26,,right,10000,20000,V,
18,27,,right,10000,20000,V,
18,28,,right,10000,20000,V,
18,29,,right,10000,20000,V,
18,30,,left,10000,20000,V,
18,31,,left,10000,20000,VH,
18,32,,right,10000,20000,VH,
18,33,,right,10000,20000,VH,
18,34,,left,10000,20000,VH,
18,35,,right,10000,20000,VH,
18,36,,right,10000,20000,VH,
18,37,,right,10000,20000,V,
18,38,,right,10000,20000,V,
18,39,,left,10000,20000,V,
18,40,,left,10000,20000,V,
18,41,,right,10000,20000,V,
18,42,,right,10000,20000,V,
18,43,,left,10000,20000,H,
18,44,,left,10000,20000,H,
18,45,,right,10000,20000,H,
18,46,,right,10000,20000,H,
18,47,,right,10000,20000,H,
18,48,,left,10000,20000,H,
18,49,,right,10000,20000,VH,
18,50,,left,10000,20000,VH,
18,51,,right,10000,20000,VH,
18,52,,right,10000,20000,VH,
18,53,,left,10000,20000,VH,
18,54,,right,10000,20000,VH,
18,55,,right,10000,20000,V,
18,56,,left,10000,20000,V,
18,57,,left,10000,20000,V,
18,58,,left,10000,20000,V,
18,59,,left,10000,20000,V,
18,60,,right,10000,20000,V,
18,61,,left,10000,20000,H,
18,62,,left,10000,20000,H,
18,63,,right,10000,20000,H,
18,64,,left,10000,20000,H,
18,65,,right,10000,20000,H,
18,66,,right,10000,20000,H,
18,67,,right,10000,20000,VH,
18,68,,right,10000,20000,VH,
18,69,,left,10000,20000,VH,
18,70,,left,10000,20000,VH,
18,71,,left,10000,20000,VH,
18,72,,right,10000,20000,VH,
18,73,,left,10000,20000,V,
18,74,,right,10000,20000,V,
18,75,,left,10000,20000,V,
18,76,,left,10000,20000,V,
18,77,,left,10000,20000,V,
18,78,,left,10000,20000,V,
18,79,,right,10000,20000,H,
18,80,,right,10000,20000,H,
18,81,,left,10000,20000,H,
18,82,,right,10000,20000,H,
18,83,,right,10000,20000,H,
18,84,,right,10000,20000,H,
18,85,,left,10000,20000,VH,
18,86,,right,10000,20000,VH,
18,87,,left,10000,20000,VH,
18,88,,left,10000,20000,VH,
18,89,,left,10000,20000,VH,
18,90,,right,10000,20000,VH,
18,91,,left,10000,20000,VH,
18,92,,left,10000,20000,VH,
18,93,,right,10000,20000,VH,
18,94,,left,10000,20000,VH,
18,95,,right,10000,20000,VH,
18,96,,right,10000,20000,VH,
18,97,,left,10000,20000,V,
18,98,,right,10000,20000,V,
18,99,,right,10000,20000,V,
18,100,,left,10000,20000,V,
18,101,,right,10000,20000,V,
18,102,,right,10000,20000,V,
18,103,,left,10000,20000,H,
18,104,,right,10000,20000,H,
18,105,,right,10000,20000,H,
18,106,,right,10000,20000,H,
18,107,,right,10000,20000,H,
18,108,,left,10000,20000,H,
19,1,,left,10000,20000,V,
19,2,,right,10000,20000,V,
19,3,,right,10000,20000,V,
19,4,,left,10000,20000,V,
19,5,,right,10000,20000,V,
19,6,,left,10000,20000,V,
19,7,,right,10000,20000,H,
19,8,,right,10000,20000,H,
19,9,,right,10000,20000,H,
19,10,,right,10000,20000,H,
19,11,,right,10000,20000,H,
19,12,,right,10000,20000,H,
19,13,,right,10000,20000,VH,
19,14,,left,10000,20000,VH,
19,15,,left,10000,20000,VH,
19,16,,left,10000,20000,VH,
19,17,,right,10000,20000,VH,
19,18,,right,10000,20000,VH,
19,19,,left,10000,20000,H,
19,20,,left,10000,20000,H,
19,21,,left,10000,20000,H,
19,22,,left,10000,20000,H,
19,23,,left,10000,20000,H,
19,24,,right,10000,20000,H,
19,25,,right,10000,20000,VH,
19,26,,left,10000,20000,VH,
19,27,,right,10000,20000,VH,
19,28,,right,10000,20000,VH,
19,29,,right,10000,20000,VH,
19,30,,left,10000,20000,VH,
19,31,,right,10000,20000,V,
19,32,,right,10000,20000,V,
19,33,,left,10000,20000,V,
19,34,,left,10000,20000,V,
19,35,,left,10000,20000,V,
19,36,,left,10000,20000,V,
19,37,,right,10000,20000,V,
19,38,,right,10000,20000,V,
19,39,,left,10000,20000,V,
19,40,,right,10000,20000,V,
19,41,,right,10000,20000,V,
19,42,,left,10000,20000,V,
19,43,,right,10000,20000,H,
19,44,,left,10000,20000,H,
19,45,,right,10000,20000,H,
19,46,,right,10000,20000,H,
19,47,,left,10000,20000,H,
19,48,,right,10000,20000,H,
19,49,,left,10000,20000,VH,
19,50,,left,10000,20000,VH,
19,51,,right,10000,20000,VH,
19,52,,right,10000,20000,VH,
19,53,,right,10000,20000,VH,
19,54,,left,10000,20000,VH,
19,55,,right,10000,20000,VH,
19,56,,right,10000,20000,VH,
19,57,,left,10000,20000,VH,
19,58,,right,10000,20000,VH,
19,59,,right,10000,20000,VH,
19,60,,left,10000,20000,VH,
19,61,,left,10000,20000,H,
19,62,,right,10000,20000,H,
19,63,,left,10000,20000,H,
19,64,,left,10000,20000,H,
19,65,,right,10000,20000,H,
19,66,,left,10000,20000,H,
19,67,,left,10000,20000,V,
19,68,,left,10000,20000,V,
19,69,,left,10000,20000,V,
19,70,,left,10000,20000,V,
19,71,,left,10000,20000,V,
19,72,,right,10000,20000,V,
19,73,,right,10000,20000,V,
19,74,,left,10000,20000,V,
19,75,,right,10000,20000,V,
19,76,,right,10000,20000,V,
19,77,,left,10000,20000,V,
19,78,,right,10000,20000,V,
19,79,,left,10000,20000,VH,
19,80,,right,10000,20000,VH,
19,81,,left,10000,20000,VH,
19,82,,left,10000,20000,VH,
19,83,,left,10000,20000,VH,
19,84,,right,10000,20000,VH,
19,85,,left,10000,20000,H,
19,86,,left,10000,20000,H,
19,87,,left,10000,20000,H,
19,88,,left,10000,20000,H,
19,89,,right,10000,20000,H,
19,90,,left,10000,20000,H,
19,91,,right,10000,20000,H,
19,92,,right,10000,20000,H,
19,93,,left,10000,20000,H,
19,94,,right,10000,20000,H,
19,95,,right,10000,20000,H,
19,96,,left,10000,20000,H,
19,97,,right,10000,20000,VH,
19,98,,left,10000,20000,VH,
19,99,,left,10000,20000,VH,
19,100,,right,10000,20000,VH,
19,101,,left,10000,20000,VH,
19,102,,left,10000,20000,VH,
19,103,,right,10000,20000,V,
19,104,,right,10000,20000,V,
19,105,,right,10000,20000,V,
19,106,,left,10000,20000,V,
19,107,,right,10000,20000,V,
19,108,,left,10000,20000,V,
20,1,,right,10000,20000,VH,
20,2,,left,10000,20000,VH,
20,3,,left,10000,20000,VH,
20,4,,left,10000,20000,VH,
20,5,,left,10000,20000,VH,
20,6,,left,10000,20000,VH,
20,7,,right,10000,20000,V,
20,8,,left,10000,20000,V,
20,9,,right,10000,20000,V,
20,10,,right,10000,20000,V,
20,11,,right,10000,20000,V,
20,12,,right,10000,20000,V,
20,13,,right,10000,20000,H,
20,14,,left,10000,20000,H,
20,15,,left,10000,20000,H,
20,16,,left,10000,20000,H,
20,17,,right,10000,20000,H,
20,18,,left,10000,20000,H,
20,19,,right,10000,20000,H,
20,20,,left,10000,20000,H,
20,21,,left,10000,20000,H,
20,22,,right,10000,20000,H,
20,23,,right,10000,20000,H,
20,24,,left,10000,20000,H,
20,25,,right,10000,20000,V,
20,26,,right,10000,20000,V,
20,27,,left,10000,20000,V,
20,28,,left,10000,20000,V,
20,29,,left,10000,20000,V,
20,30,,left,10000,20000,V,
20,31,,left,10000,20000,VH,
20,32,,left,10000,20000,VH,
20,33,,left,10000,20000,VH,
20,34,,right,10000,20000,VH,
20,35,,right,10000,20000,VH,
20,36,,right,10000,20000,VH,
20,37,,right,10000,20000,VH,
20,38,,right,10000,20000,VH,
20,39,,right,10000,20000,VH,
20,40,,left,10000,20000,VH,
20,41,,left,10000,20000,VH,
20,42,,right,10000,20000,VH,
20,43,,right,10000,20000,H,
20,44,,right,10000,20000,H,
20,45,,left,10000,20000,H,
20,46,,right,10000,20000,H,
20,47,,left,10000,20000,H,
20,48,,right,10000,20000,H,
20,49,,right,10000,20000,V,
20,50,,left,10000,20000,V,
20,51,,right,10000,20000,V,
20,52,,right,10000,20000,V,
20,53,,left,10000,20000,V,
20,54,,right,10000,20000,V,
20,55,,left,10000,20000,V,
20,56,,left,10000,20000,V,
20,57,,left,10000,20000,V,
20,58,,left,10000,20000,V,
20,59,,right,10000,20000,V,
20,60,,left,10000,20000,V,
20,61,,right,10000,20000,H,
20,62,,right,10000,20000,H,
20,63,,left,10000,20000,H,
20,64,,right,10000,20000,H,
20,65,,left,10000,20000,H,
20,66,,left,10000,20000,H,
20,67,,right,10000,20000,VH,
20,68,,left,10000,20000,VH,
20,69,,right,10000,20000,VH,
20,70,,left,10000,20000,VH,
20,71,,right,10000,20000,VH,
20,72,,right,10000,20000,VH,
20,73,,left,10000,20000,V,
20,74,,right,10000,20000,V,
20,75,,right,10000,20000,V,
20,76,,left,10000,20000,V,
20,77,,left,10000,20000,V,
20,78,,left,10000,20000,V,
20,79,,left,10000,20000,VH,
20,80,,left,10000,20000,VH,
20,81,,left,10000,20000,VH,
20,82,,right,10000,20000,VH,
20,83,,right,10000,20000,VH,
20,84,,right,10000,20000,VH,
20,85,,right,10000,20000,H,
20,86,,left,10000,20000,H,
20,87,,right,10000,20000,H,
20,88,,left,10000,20000,H,
20,89,,right,10000,20000,H,
20,90,,left,10000,20000,H,
20,91,,right,10000,20000,VH,
20,92,,right,10000,20000,VH,
20,93,,right,10000,20000,VH,
20,94,,left,10000,20000,VH,
20,95,,left,10000,20000,VH,
20,96,,left,10000,20000,VH,
20,97,,right,10000,20000,H,
20,98,,left,10000,20000,H,
20,99,,left,10000,20000,H,
20,100,,right,10000,20000,H,
20,101,,left,10000,20000,H,
20,102,,right,10000,20000,H,
20,103,,right,10000,20000,V,
20,104,,left,10000,20000,V,
20,105,,left,10000,20000,V,
20,106,,right,10000,20000,V,
20,107,,right,10000,20000,V,
20,108,,right,10000,20000,V,
21,1,,right,10000,20000,H,
21,2,,right,10000,20000,H,
21,3,,left,10000,20000,H,
21,4,,left,10000,20000,H,
21,5,,right,10000,20000,H,
21,6,,left,10000,20000,H,
21,7,,left,10000,20000,V,
21,8,,left,10000,20000,V,
21,9,,right,10000,20000,V,
21,10,,left,10000,20000,V,
21,11,,right,10000,20000,V,
21,12,,right,10000,20000,V,
21,13,,right,10000,20000,VH,
21,14,,right,10000,20000,VH,
21,15,,right,10000,20000,VH,
21,16,,left,10000,20000,VH,
21,17,,left,10000,20000,VH,
21,18,,right,10000,20000,VH,
21,19,,right,10000,20000,H,
21,20,,right,10000,20000,H,
21,21,,right,10000,20000,H,
21,22,,left,10000,20000,H,
21,23,,left,10000,20000,H,
21,24,,left,10000,20000,H,
21,25,,left,10000,20000,V,
21,26,,right,10000,20000,V,
21,27,,left,10000,20000,V,
21,28,,right,10000,20000,V,
21,29,,right,10000,20000,V,
21,30,,left,10000,20000,V,
21,31,,right,10000,20000,VH,
21,32,,left,10000,20000,VH,
21,33,,right,10000,20000,VH,
21,34,,left,10000,20000,VH,
21,35,,right,10000,20000,VH,
21,36,,left,10000,20000,VH,
21,37,,right,10000,20000,V,
21,38,,left,10000,20000,V,
21,39,,left,10000,20000,V,
21,40,,right,10000,20000,V,
21,41,,right,10000,20000,V,
21,42,,right,10000,20000,V,
21,43,,right,10000,20000,H,
21,44,,right,10000,20000,H,
21,45,,left,10000,20000,H,
21,46,,left,10000,20000,H,
21,47,,left,10000,20000,H,
21,48,,left,10000,20000,H,
21,49,,left,10000,20000,VH,
21,50,,right,10000,20000,VH,
21,51,,left,10000,20000,VH,
21,52,,left,10000,20000,VH,
21,53,,left,10000,20000,VH,
21,54,,left,10000,20000,VH,
21,55,,right,10000,20000,H,
21,56,,right,10000,20000,H,
21,57,,right,10000,20000,H,
21,58,,left,10000,20000,H,
21,59,,right,10000,20000,H,
21,60,,right,10000,20000,H,
21,61,,right,10000,20000,V,
21,62,,right,10000,20000,V,
21,63,,right,10000,20000,V,
21,64,,left,10000,20000,V,
21,65,,left,10000,20000,V,
21,66,,left,10000,20000,V,
21,67,,right,10000,20000,VH,
21,68,,right,10000,20000,VH,
21,69,,left,10000,20000,VH,
21,70,,right,10000,20000,VH,
21,71,,right,10000,20000,VH,
21,72,,left,10000,20000,VH,
21,73,,right,10000,20000,V,
21,74,,left,10000,20000,V,
21,75,,left,10000,20000,V,
21,76,,right,10000,20000,V,
21,77,,left,10000,20000,V,
21,78,,right,10000,20000,V,
21,79,,left,10000,20000,VH,
21,80,,left,10000,20000,VH,
21,81,,left,10000,20000,VH,
21,82,,right,10000,20000,VH,
21,83,,right,10000,20000,VH,
21,84,,left,10000,20000,VH,
21,85,,right,10000,20000,H,
21,86,,left,10000,20000,H,
21,87,,right,10000,20000,H,
21,88,,right,10000,20000,H,
21,89,,left,10000,20000,H,
21,90,,left,10000,20000,H,
21,91,,right,10000,20000,VH,
21,92,,left,10000,20000,VH,
21,93,,left,10000,20000,VH,
21,94,,right,10000,20000,VH,
21,95,,right,10000,20000,VH,
21,96,,right,10000,20000,VH,
21,97,,left,10000,20000,H,
21,98,,right,10000,20000,H,
21,99,,left,10000,20000,H,
21,100,,right,10000,20000,H,
21,101,,left,10000,20000,H,
21,102,,left,10000,20000,H,
21,103,,right,10000,20000,V,
21,104,,left,10000,20000,V,
21,105,,right,10000,20000,V,
21,106,,left,10000,20000,V,
21,107,,left,10000,20000,V,
21,108,,left,10000,20000,V,
22,1,,left,10000,20000,VH,
22,2,,right,10000,20000,VH,
22,3,,right,10000,20000,VH,
22,4,,left,10000,20000,VH,
22,5,,left,10000,20000,VH,
22,6,,right,10000,20000,VH,
22,7,,right,10000,20000,H,
22,8,,left,10000,20000,H,
22,9,,right,10000,20000,H,
22,10,,left,10000,20000,H,
22,11,,left,10000,20000,H,
22,12,,left,10000,20000,H,
22,13,,right,10000,20000,V,
22,14,,left,10000,20000,V,
22,15,,left,10000,20000,V,
22,16,,right,10000,20000,V,
22,17,,right,10000,20000,V,
22,18,,right,10000,20000,V,
22,19,,right,10000,20000,H,
22,20,,right,10000,20000,H,
22,21,,right,10000,20000,H,
22,22,,right,10000,20000,H,
22,23,,left,10000,20000,H,
22,24,,right,10000,20000,H,
22,25,,left,10000,20000,V,
22,26,,left,10000,20000,V,
22,27,,right,10000,20000,V,
22,28,,left,10000,20000,V,
22,29,,left,10000,20000,V,
22,30,,left,10000,20000,V,
22,31,,right,10000,20000,VH,
22,32,,left,10000,20000,VH,
22,33,,right,10000,20000,VH,
22,34,,left,10000,20000,VH,
22,35,,right,10000,20000,VH,
22,36,,right,10000,20000,VH,
22,37,,left,10000,20000,VH,
22,38,,left,10000,20000,VH,
22,39,,left,10000,20000,VH,
22,40,,right,10000,20000,VH,
22,41,,right,10000,20000,VH,
22,42,,right,10000,20000,VH,
22,43,,left,10000,20000,H,
22,44,,right,10000,20000,H,
22,45,,left,10000,20000,H,
22,46,,left,10000,20000,H,
22,47,,right,10000,20000,H,
22,48,,right,10000,20000,H,
22,49,,right,10000,20000,V,
22,50,,left,10000,20000,V,
22,51,,right,10000,20000,V,
22,52,,left,10000,20000,V,
22,53,,right,10000,20000,V,
22,54,,right,10000,20000,V,
22,55,,left,10000,20000,H,
22,56,,left,10000,20000,H,
22,57,,left,10000,20000,H,
22,58,,right,10000,20000,H,
22,59,,left,10000,20000,H,
22,60,,right,10000,20000,H,
22,61,,right,10000,20000,V,
22,62,,right,10000,20000,V,
22,63,,left,10000,20000,V,
22,64,,left,10000,20000,V,
22,65,,right,10000,20000,V,
22,66,,right,10000,20000,V,
22,67,,left,10000,20000,VH,
22,68,,left,10000,20000,VH,
22,69,,right,10000,20000,VH,
22,70,,left,10000,20000,VH,
22,71,,right,10000,20000,VH,
22,72,,right,10000,20000,VH,
22,73,,left,10000,20000,V,
22,74,,left,10000,20000,V,
22,75,,right,10000,20000,V,
22,76,,left,10000,20000,V,
22,77,,right,10000,20000,V,
22,78,,left,10000,20000,V,
22,79,,left,10000,20000,VH,
22,80,,left,10000,20000,VH,
22,81,,left,10000,20000,VH,
22,82,,right,10000,20000,VH,
22,83,,right,10000,20000,VH,
22,84,,right,10000,20000,VH,
22,85,,left,10000,20000,H,
22,86,,left,10000,20000,H,
22,87,,left,10000,20000,H,
22,88,,right,10000,20000,H,
22,89,,left,10000,20000,H,
22,90,,right,10000,20000,H,
22,91,,right,10000,20000,V,
22,92,,right,10000,20000,V,
22,93,,left,10000,20000,V,
22,94,,right,10000,20000,V,
22,95,,left,10000,20000,V,
22,96,,left,10000,20000,V,
22,97,,left,10000,20000,H,
22,98,,left,10000,20000,H,
22,99,,right,10000,20000,H,
22,100,,right,10000,20000,H,
22,101,,right,10000,20000,H,
22,102,,right,10000,20000,H,
22,103,,right,10000,20000,VH,
22,104,,left,10000,20000,VH,
22,105,,left,10000,20000,VH,
22,106,,left,10000,20000,VH,
22,107,,right,10000,20000,VH,
22,108,,left,10000,20000,VH,
23,1,,left,10000,20000,VH,
23,2,,right,10000,20000,VH,
23,3,,left,10000,20000,VH,
23,4,,right,10000,20000,VH,
23,5,,right,10000,20000,VH,
23,6,,right,10000,20000,VH,
23,7,,right,10000,20000,H,
23,8,,right,10000,20000,H,
23,9,,left,10000,20000,H,
23,10,,right,10000,20000,H,
23,11,,left,10000,20000,H,
23,12,,left,10000,20000,H,
23,13,,left,10000,20000,V,
23,14,,left,10000,20000,V,
23,15,,right,10000,20000,V,
23,16,,left,10000,20000,V,
23,17,,right,10000,20000,V,
23,18,,left,10000,20000,V,
23,19,,right,10000,20000,H,
23,20,,left,10000,20000,H,
23,21,,left,10000,20000,H,
23,22,,left,10000,20000,H,
23,23,,left,10000,20000,H,
23,24,,left,10000,20000,H,
23,25,,right,10000,20000,VH,
23,26,,right,10000,20000,VH,
23,27,,right,10000,20000,VH,
23,28,,left,10000,20000,VH,
23,29,,left,10000,20000,VH,
23,30,,left,10000,20000,VH,
23,31,,right,10000,20000,V,
23,32,,right,10000,20000,V,
23,33,,left,10000,20000,V,
23,34,,right,10000,20000,V,
23,35,,left,10000,20000,V,
23,36,,right,10000,20000,V,
23,37,,right,10000,20000,VH,
23,38,,left,10000,20000,VH,
23,39,,left,10000,20000,VH,
23,40,,left,10000,20000,VH,
23,41,,left,10000,20000,VH,
23,42,,left,10000,20000,VH,
23,43,,right,10000,20000,V,
23,44,,right,10000,20000,V,
23,45,,left,10000,20000,V,
23,46,,left,10000,20000,V,
23,47,,left,10000,20000,V,
23,48,,left,10000,20000,V,
23,49,,left,10000,20000,H,
23,50,,left,10000,20000,H,
23,51,,left,10000,20000,H,
23,52,,right,10000,20000,H,
23,53,,right,10000,20000,H,
23,54,,left,10000,20000,H,
23,55,,right,10000,20000,VH,
23,56,,right,10000,20000,VH,
23,57,,left,10000,20000,VH,
23,58,,left,10000,20000,VH,
23,59,,right,10000,20000,VH,
23,60,,right,10000,20000,VH,
23,61,,right,10000,20000,H,
23,62,,right,10000,20000,H,
23,63,,right,10000,20000,H,
23,64,,right,10000,20000,H,
23,65,,right,10000,20000,H,
23,66,,right,10000,20000,H,
23,67,,left,10000,20000,V,
23,68,,right,10000,20000,V,
23,69,,right,10000,20000,V,
23,70,,left,10000,20000,V,
23,71,,left,10000,20000,V,
23,72,,right,10000,20000,V,
23,73,,right,10000,20000,V,
23,74,,left,10000,20000,V,
23,75,,right,10000,20000,V,
23,76,,right,10000,20000,V,
23,77,,left,10000,20000,V,
23,78,,right,10000,20000,V,
23,79,,left,10000,20000,H,
23,80,,left,10000,20000,H,
23,81,,left,10000,20000,H,
23,82,,right,10000,20000,H,
23,83,,left,10000,20000,H,
23,84,,left,10000,20000,H,
23,85,,right,10000,20000,VH,
23,86,,left,10000,20000,VH,
23,87,,right,10000,20000,VH,
23,88,,left,10000,20000,VH,
23,89,,left,10000,20000,VH,
23,90,,right,10000,20000,VH,
23,91,,left,10000,20000,H,
23,92,,right,10000,20000,H,
23,93,,right,10000,20000,H,
23,94,,right,10000,20000,H,
23,95,,right,10000,20000,H,
23,96,,right,10000,20000,H,
23,97,,right,10000,20000,VH,
23,98,,left,10000,20000,VH,
23,99,,right,10000,20000,VH,
23,100,,left,10000,20000,VH,
23,101,,right,10000,20000,VH,
23,102,,left,10000,20000,VH,
23,103,,left,10000,20000,V,
23,104,,left,10000,20000,V,
23,105,,left,10000,20000,V,
23,106,,right,10000,20000,V,
23,107,,right,10000,20000,V,
23,108,,right,10000,20000,V,
24,1,,right,10000,20000,H,
24,2,,left,10000,20000,H,
24,3,,left,10000,20000,H,
24,4,,right,10000,20000,H,
24,5,,left,10000,20000,H,
24,6,,right,10000,20000,H,
24,7,,right,10000,20000,VH,
24,8,,right,10000,20000,VH,
24,9,,right,10000,20000,VH,
24,10,,left,10000,20000,VH,
24,11,,right,10000,20000,VH,
24,12,,right,10000,20000,VH,
24,13,,right,10000,20000,V,
24,14,,left,10000,20000,V,
24,15,,right,10000,20000,V,
24,16,,left,10000,20000,V,
24,17,,right,10000,20000,V,
24,18,,left,10000,20000,V,
24,19,,left,10000,20000,V,
24,20,,left,10000,20000,V,
24,21,,left,10000,20000,V,
24,22,,right,10000,20000,V,
24,23,,right,10000,20000,V,
24,24,,right,10000,20000,V,
24,25,,left,10000,20000,VH,
24,26,,left,10000,20000,VH,
24,27,,left,10000,20000,VH,
24,28,,right,10000,20000,VH,
24,29,,right,10000,20000,VH,
24,30,,right,10000,20000,VH,
24,31,,left,10000,20000,H,
24,32,,right,10000,20000,H,
24,33,,left,10000,20000,H,
24,34,,left,10000,20000,H,
24,35,,right,10000,20000,H,
24,36,,right,10000,20000,H,
24,37,,right,10000,20000,VH,
24,38,,left,10000,20000,VH,
24,39,,left,10000,20000,VH,
24,40,,left,10000,20000,VH,
24,41,,right,10000,20000,VH,
24,42,,right,10000,20000,VH,
24,43,,right,10000,20000,V,
24,44,,left,10000,20000,V,
24,45,,right,10000,20000,V,
24,46,,left,10000,20000,V,
24,47,,right,10000,20000,V,
24,48,,right,10000,20000,V,
24,49,,right,10000,20000,H,
24,50,,right,10000,20000,H,
24,51,,left,10000,20000,H,
24,52,,right,10000,20000,H,
24,53,,left,10000,20000,H,
24,54,,left,10000,20000,H,
24,55,,left,10000,20000,H,
24,56,,left,10000,20000,H,
24,57,,left,10000,20000,H,
24,58,,right,10000,20000,H,
24,59,,left,10000,20000,H,
24,60,,right,10000,20000,H,
24,61,,right,10000,20000,VH,
24,62,,left,10000,20000,VH,
24,63,,left,10000,20000,VH,
24,64,,left,10000,20000,VH,
24,65,,right,10000,20000,VH,
24,66,,left,10000,20000,VH,
24,67,,left,10000,20000,V,
24,68,,right,10000,20000,V,
24,69,,right,10000,20000,V,
24,70,,right,10000,20000,V,
24,71,,left,10000,20000,V,
24,72,,right,10000,20000,V,
24,73,,left,10000,20000,H,
24,74,,left,10000,20000,H,
24,75,,right,10000,20000,H,
24,76,,right,10000,20000,H,
24,77,,right,10000,20000,H,
24,78,,right,10000,20000,H,
24,79,,left,10000,20000,VH,
24,80,,left,10000,20000,VH,
24,81,,right,10000,20000,VH,
24,82,,right,10000,20000,VH,
24,83,,right,10000,20000,VH,
24,84,,right,10000,20000,VH,
24,85,,right,10000,20000,V,
24,86,,right,10000,20000,V,
24,87,,left,10000,20000,V,
24,88,,left,10000,20000,V,
24,89,,right,10000,20000,V,
24,90,,left,10000,20000,V,
24,91,,right,10000,20000,H,
24,92,,left,10000,20000,H,
24,93,,right,10000,20000,H,
24,94,,right,10000,20000,H,
24,95,,left,10000,20000,H,
24,96,,left,10000,20000,H,
24,97,,left,10000,20000,VH,
24,98,,left,10000,20000,VH,
24,99,,left,10000,20000,VH,
24,100,,right,10000,20000,VH,
24,101,,left,10000,20000,VH,
24,102,,left,10000,20000,VH,
24,103,,right,10000,20000,V,
24,104,,left,10000,20000,V,
24,105,,left,10000,20000,V,
24,106,,left,10000,20000,V,
24,107,,left,10000,20000,V,
24,108,,left,10000,20000,V,
25,1,,right,10000,20000,V,
25,2,,left,10000,20000,V,
25,3,,right,10000,20000,V,
25,4,,right,10000,20000,V,
25,5,,left,10000,20000,V,
25,6,,left,10000,20000,V,
25,7,,right,10000,20000,H,
25,8,,left,10000,20000,H,
25,9,,right,10000,20000,H,
25,10,,left,10000,20000,H,
25,11,,left,10000,20000,H,
25,12,,right,10000,20000,H,
25,13,,left,10000,20000,VH,
25,14,,left,10000,20000,VH,
25,15,,left,10000,20000,VH,
25,16,,right,10000,20000,VH,
25,17,,right,10000,20000,VH,
25,18,,left,10000,20000,VH,
25,19,,left,10000,20000,V,
25,20,,right,10000,20000,V,
25,21,,right,10000,20000,V,
25,22,,left,10000,20000,V,
25,23,,right,10000,20000,V,
25,24,,right,10000,20000,V,
25,25,,left,10000,20000,H,
25,26,,left,10000,20000,H,
25,27,,right,10000,20000,H,
25,28,,left,10000,20000,H,
25,29,,left,10000,20000,H,
25,30,,left,10000,20000,H,
25,31,,right,10000,20000,VH,
25,32,,right,10000,20000,VH,
25,33,,right,10000,20000,VH,
25,34,,left,10000,20000,VH,
25,35,,right,10000,20000,VH,
25,36,,right,10000,20000,VH,
25,37,,right,10000,20000,H,
25,38,,left,10000,20000,H,
25,39,,left,10000,20000,H,
25,40,,left,10000,20000,H,
25,41,,left,10000,20000,H,
25,42,,right,10000,20000,H,
25,43,,right,10000,20000,VH,
25,44,,left,10000,20000,VH,
25,45,,right,10000,20000,VH,
25,46,,right,10000,20000,VH,
25,47,,left,10000,20000,VH,
25,48,,left,10000,20000,VH,
25,49,,left,10000,20000,V,
25,50,,left,10000,20000,V,
25,51,,right,10000,20000,V,
25,52,,left,10000,20000,V,
25,53,,right,10000,20000,V,
25,54,,right,10000,20000,V,
25,55,,right,10000,20000,H,
25,56,,left,10000,20000,H,
25,57,,right,10000,20000,H,
25,58,,right,10000,20000,H,
25,59,,left,10000,20000,H,
25,60,,left,10000,20000,H,
25,61,,right,10000,20000,VH,
25,62,,right,10000,20000,VH,
25,63,,right,10000,20000,VH,
25,64,,right,10000,20000,VH,
25,65,,right,10000,20000,VH,
25,66,,left,10000,20000,VH,
25,67,,left,10000,20000,V,
25,68,,right,10000,20000,V,
25,69,,right,10000,20000,V,
25,70,,right,10000,20000,V,
25,71,,left,10000,20000,V,
25,72,,right,10000,20000,V,
25,73,,left,10000,20000,VH,
25,74,,left,10000,20000,VH,
25,75,,right,10000,20000,VH,
25,76,,left,10000,20000,VH,
25,77,,left,10000,20000,VH,
25,78,,left,10000,20000,VH,
25,79,,left,10000,20000,H,
25,80,,right,10000,20000,H,
25,81,,right,10000,20000,H,
25,82,,right,10000,20000,H,
25,83,,right,10000,20000,H,
25,84,,right,10000,20000,H,
25,85,,right,10000,20000,V,
25,86,,left,10000,20000,V,
25,87,,left,10000,20000,V,
25,88,,left,10000,20000,V,
25,89,,right,10000,20000,V,
25,90,,left,10000,20000,V,
25,91,,left,10000,20000,V,
25,92,,left,10000,20000,V,
25,93,,right,10000,20000,V,
25,94,,left,10000,20000,V,
25,95,,right,10000,20000,V,
25,96,,left,10000,20000,V,
25,97,,left,10000,20000,H,
25,98,,right,10000,20000,H,
25,99,,right,10000,20000,H,
25,100,,left,10000,20000,H,
25,101,,right,10000,20000,H,
25,102,,right,10000,20000,H,
25,103,,left,10000,20000,VH,
25,104,,left,10000,20000,VH,
25,105,,right,10000,20000,VH,
25,106,,left,10000,20000,VH,
25,107,,left,10000,20000,VH,
25,108,,right,10000,20000,VH,
26,1,,right,10000,20000,H,
26,2,,left,10000,20000,H,
26,3,,right,10000,20000,H,
26,4,,left,10000,20000,H,
26,5,,left,10000,20000,H,
26,6,,left,10000,20000,H,
26,7,,left,10000,20000,V,
26,8,,left,10000,20000,V,
26,9,,left,10000,20000,V,
26,10,,left,10000,20000,V,
26,11,,left,10000,20000,V,
26,12,,right,10000,20000,V,
26,13,,left,10000,20000,VH,
26,14,,left,10000,20000,VH,
26,15,,right,10000,20000,VH,
26,16,,left,10000,20000,VH,
26,17,,right,10000,20000,VH,
26,18,,left,10000,20000,VH,
26,19,,left,10000,20000,VH,
26,20,,left,10000,20000,VH,
26,21,,left,10000,20000,VH,
26,22,,right,10000,20000,VH,
26,23,,right,10000,20000,VH,
26,24,,right,10000,20000,VH,
26,25,,left,10000,20000,H,
26,26,,right,10000,20000,H,
26,27,,left,10000,20000,H,
26,28,,left,10000,20000,H,
26,29,,right,10000,20000,H,
26,30,,right,10000,20000,H,
26,31,,left,10000,20000,V,
26,32,,right,10000,20000,V,
26,33,,right,10000,20000,V,
26,34,,left,10000,20000,V,
26,35,,right,10000,20000,V,
26,36,,left,10000,20000,V,
26,37,,right,10000,20000,VH,
26,38,,right,10000,20000,VH,
26,39,,left,10000,20000,VH,
26,40,,right,10000,20000,VH,
26,41,,right,10000,20000,VH,
26,42,,right,10000,20000,VH,
26,43,,right,10000,20000,V,
26,44,,right,10000,20000,V,
26,45,,right,10000,20000,V,
26,46,,left,10000,20000,V,
26,47,,left,10000,20000,V,
26,48,,left,10000,20000,V,
26,49,,left,10000,20000,H,
26,50,,right,10000,20000,H,
26,51,,left,10000,20000,H,
26,52,,left,10000,20000,H,
26,53,,left,10000,20000,H,
26,54,,right,10000,20000,H,
26,55,,left,10000,20000,VH,
26,56,,left,10000,20000,VH,
26,57,,right,10000,20000,VH,
26,58,,left,10000,20000,VH,
26,59,,left,10000,20000,VH,
26,60,,left,10000,20000,VH,
26,61,,left,10000,20000,V,
26,62,,right,10000,20000,V,
26,63,,left,10000,20000,V,
26,64,,right,10000,20000,V,
26,65,,right,10000,20000,V,
26,66,,right,10000,20000,V,
26,67,,right,10000,20000,H,
26,68,,right,10000,20000,H,
26,69,,right,10000,20000,H,
26,70,,right,10000,20000,H,
26,71,,right,10000,20000,H,
26,72,,right,10000,20000,H,
26,73,,left,10000,20000,V,
26,74,,right,10000,20000,V,
26,75,,right,10000,20000,V,
26,76,,right,10000,20000,V,
26,77,,right,10000,20000,V,
26,78,,right,10000,20000,V,
26,79,,right,10000,20000,VH,
26,80,,right,10000,20000,VH,
26,81,,right,10000,20000,VH,
26,82,,right,10000,20000,VH,
26,83,,left,10000,20000,VH,
26,84,,left,10000,20000,VH,
26,85,,left,10000,20000,H,
26,86,,right,10000,20000,H,
26,87,,right,10000,20000,H,
26,88,,right,10000,20000,H,
26,89,,left,10000,20000,H,
26,90,,left,10000,20000,H,
26,91,,left,10000,20000,H,
26,92,,left,10000,20000,H,
26,93,,right,10000,20000,H,
26,94,,right,10000,20000,H,
26,95,,left,10000,20000,H,
26,96,,left,10000,20000,H,
26,97,,left,10000,20000,V,
26,98,,left,10000,20000,V,
26,99,,right,10000,20000,V,
26,100,,right,10000,20000,V,
26,101,,left,10000,20000,V,
26,102,,left,10000,20000,V,
26,103,,left,10000,20000,VH,
26,104,,right,10000,20000,VH,
26,105,,right,10000,20000,VH,
26,106,,left,10000,20000,VH,
26,107,,right,10000,20000,VH,
26,108,,left,10000,20000,VH,
27,1,,right,10000,20000,VH,
27,2,,right,10000,20000,VH,
27,3,,right,10000,20000,VH,
27,4,,left,10000,20000,VH,
27,5,,right,10000,20000,VH,
27,6,,left,10000,20000,VH,
27,7,,right,10000,20000,H,
27,8,,right,10000,20000,H,
27,9,,left,10000,20000,H,
27,10,,right,10000,20000,H,
27,11,,left,10000,20000,H,
27,12,,right,10000,20000,H,
27,13,,right,10000,20000,V,
27,14,,right,10000,20000,V,
27,15,,right,10000,20000,V,
27,16,,left,10000,20000,V,
27,17,,right,10000,20000,V,
27,18,,right,10000,20000,V,
27,19,,right,10000,20000,V,
27,20,,right,10000,20000,V,
27,21,,left,10000,20000,V,
27,22,,left,10000,20000,V,
27,23,,left,10000,20000,V,
27,24,,left,10000,20000,V,
27,25,,right,10000,20000,VH,
27,26,,right,10000,20000,VH,
27,27,,left,10000,20000,VH,
27,28,,right,10000,20000,VH,
27,29,,left,10000,20000,VH,
27,30,,right,10000,20000,VH,
27,31,,left,10000,20000,H,
27,32,,left,10000,20000,H,
27,33,,left,10000,20000,H,
27,34,,left,10000,20000,H,
27,35,,right,10000,20000,H,
27,36,,right,10000,20000,H,
27,37,,right,10000,20000,VH,
27,38,,left,10000,20000,VH,
27,39,,left,10000,20000,VH,
27,40,,right,10000,20000,VH,
27,41,,left,10000,20000,VH,
27,42,,left,10000,20000,VH,
27,43,,right,10000,20000,H,
27,44,,left,10000,20000,H,
27,45,,right,10000,20000,H,
27,46,,right,10000,20000,H,
27,47,,left,10000,20000,H,
27,48,,right,10000,20000,H,
27,49,,left,10000,20000,V,
27,50,,left,10000,20000,V,
27,51,,left,10000,20000,V,
27,52,,left,10000,20000,V,
27,53,,right,10000,20000,V,
27,54,,right,10000,20000,V,
27,55,,left,10000,20000,H,
27,56,,right,10000,20000,H,
27,57,,left,10000,20000,H,
27,58,,right,10000,20000,H,
27,59,,left,10000,20000,H,
27,60,,left,10000,20000,H,
27,61,,left,10000,20000,VH,
27,62,,left,10000,20000,VH,
27,63,,left,10000,20000,VH,
27,64,,left,10000,20000,VH,
27,65,,right,10000,20000,VH,
27,66,,left,10000,20000,VH,
27,67,,right,10000,20000,V,
27,68,,right,10000,20000,V,
27,69,,right,10000,20000,V,
27,70,,left,10000,20000,V,
27,71,,left,10000,20000,V,
27,72,,left,10000,20000,V,
27,73,,left,10000,20000,H,
27,74,,right,10000,20000,H,
27,75,,left,10000,20000,H,
27,76,,right,10000,20000,H,
27,77,,right,10000,20000,H,
27,78,,left,10000,20000,H,
27,79,,right,10000,20000,V,
27,80,,right,10000,20000,V,
27,81,,right,10000,20000,V,
27,82,,right,10000,20000,V,
27,83,,left,10000,20000,V,
27,84,,left,10000,20000,V,
27,85,,right,10000,20000,VH,
27,86,,left,10000,20000,VH,
27,87,,left,10000,20000,VH,
27,88,,right,10000,20000,VH,
27,89,,right,10000,20000,VH,
27,90,,right,10000,20000,VH,
27,91,,left,10000,20000,V,
27,92,,right,10000,20000,V,
27,93,,right,10000,20000,V,
27,94,,left,10000,20000,V,
27,95,,left,10000,20000,V,
27,96,,left,10000,20000,V,
27,97,,right,10000,20000,H,
27,98,,right,10000,20000,H,
27,99,,left,10000,20000,H,
27,100,,left,10000,20000,H,
27,101,,right,10000,20000,H,
27,102,,left,10000,20000,H,
27,103,,right,10000,20000,VH,
27,104,,left,10000,20000,VH,
27,105,,left,10000,20000,VH,
27,106,,right,10000,20000,VH,
27,107,,right,10000,20000,VH,
27,108,,left,10000,20000,VH,
28,1,,right,10000,20000,V,
28,2,,left,10000,20000,V,
28,3,,right,10000,20000,V,
28,4,,left,10000,20000,V,
28,5,,right,10000,20000,V,
28,6,,right,10000,20000,V,
28,7,,left,10000,20000,VH,
28,8,,left,10000,20000,VH,
28,9,,right,10000,20000,VH,
28,10,,left,10000,20000,VH,
28,11,,left,10000,20000,VH,
28,12,,right,10000,20000,VH,
28,13,,right,10000,20000,H,
28,14,,right,10000,20000,H,
28,15,,right,10000,20000,H,
28,16,,left,10000,20000,H,
28,17,,left,10000,20000,H,
28,18,,right,10000,20000,H,
28,19,,left,10000,20000,V,
28,20,,left,10000,20000,V,
28,21,,right,10000,20000,V,
28,22,,left,10000,20000,V,
28,23,,left,10000,20000,V,
28,24,,right,10000,20000,V,
28,25,,right,10000,20000,H,
28,26,,left,10000,20000,H,
28,27,,left,10000,20000,H,
28,28,,right,10000,20000,H,
28,29,,right,10000,20000,H,
28,30,,left,10000,20000,H,
28,31,,right,10000,20000,VH,
28,32,,right,10000,20000,VH,
28,33,,left,10000,20000,VH,
28,34,,left,10000,20000,VH,
28,35,,right,10000,20000,VH,
28,36,,right,10000,20000,VH,
28,37,,right,10000,20000,VH,
28,38,,right,10000,20000,VH,
28,39,,left,10000,20000,VH,
28,40,,right,10000,20000,VH,
28,41,,right,10000,20000,VH,
28,42,,left,10000,20000,VH,
28,43,,right,10000,20000,V,
28,44,,right,10000,20000,V,
28,45,,left,10000,20000,V,
28,46,,right,10000,20000,V,
28,47,,left,10000,20000,V,
28,48,,left,10000,20000,V,
28,49,,right,10000,20000,H,
28,50,,right,10000,20000,H,
28,51,,left,10000,20000,H,
28,52,,right,10000,20000,H,
28,53,,left,10000,20000,H,
28,54,,right,10000,20000,H,
28,55,,left,10000,20000,VH,
28,56,,right,10000,20000,VH,
28,57,,left,10000,20000,VH,
28,58,,right,10000,20000,VH,
28,59,,left,10000,20000,VH,
28,60,,left,10000,20000,VH,
28,61,,left,10000,20000,H,
28,62,,left,10000,20000,H,
28,63,,right,10000,20000,H,
28,64,,right,10000,20000,H,
28,65,,right,10000,20000,H,
28,66,,right,10000,20000,H,
28,67,,left,10000,20000,V,
28,68,,left,10000,20000,V,
28,69,,left,10000,20000,V,
28,70,,right,10000,20000,V,
28,71,,right,10000,20000,V,
28,72,,right,10000,20000,V,
28,73,,left,10000,20000,H,
28,74,,left,10000,20000,H,
28,75,,right,10000,20000,H,
28,76,,left,10000,20000,H,
28,77,,right,10000,20000,H,
28,78,,right,10000,20000,H,
28,79,,right,10000,20000,VH,
28,80,,left,10000,20000,VH,
28,81,,left,10000,20000,VH,
28,82,,left,10000,20000,VH,
28,83,,right,10000,20000,VH,
28,84,,left,10000,20000,VH,
28,85,,left,10000,20000,V,
28,86,,right,10000,20000,V,
28,87,,right,10000,20000,V,
28,88,,right,10000,20000,V,
28,89,,left,10000,20000,V,
28,90,,right,10000,20000,V,
28,91,,left,10000,20000,H,
28,92,,left,10000,20000,H,
28,93,,left,10000,20000,H,
28,94,,left,10000,20000,H,
28,95,,left,10000,20000,H,
28,96,,left,10000,20000,H,
28,97,,right,10000,20000,V,
28,98,,left,10000,20000,V,
28,99,,right,10000,20000,V,
28,100,,left,10000,20000,V,
28,101,,left,10000,20000,V,
28,102,,left,10000,20000,V,
28,103,,right,10000,20000,VH,
28,104,,left,10000,20000,VH,
28,105,,left,10000,20000,VH,
28,106,,right,10000,20000,VH,
28,107,,right,10000,20000,VH,
28,108,,right,10000,20000,VH,
29,1,,right,10000,20000,V,
29,2,,right,10000,20000,V,
29,3,,left,10000,20000,V,
29,4,,right,10000,20000,V,
29,5,,left,10000,20000,V,
29,6,,right,10000,20000,V,
29,7,,right,10000,20000,VH,
29,8,,right,10000,20000,VH,
29,9,,left,10000,20000,VH,
29,10,,right,10000,20000,VH,
29,11,,right,10000,20000,VH,
29,12,,right,10000,20000,VH,
29,13,,right,10000,20000,H,
29,14,,left,10000,20000,H,
29,15,,right,10000,20000,H,
29,16,,left,10000,20000,H,
29,17,,right,10000,20000,H,
29,18,,left,10000,20000,H,
29,19,,right,10000,20000,V,
29,20,,left,10000,20000,V,
29,21,,right,10000,20000,V,
29,22,,right,10000,20000,V,
29,23,,left,10000,20000,V,
29,24,,left,10000,20000,V,
29,25,,right,10000,20000,VH,
29,26,,right,10000,20000,VH,
29,27,,right,10000,20000,VH,
29,28,,left,10000,20000,VH,
29,29,,left,10000,20000,VH,
29,30,,left,10000,20000,VH,
29,31,,right,10000,20000,H,
29,32,,right,10000,20000,H,
29,33,,right,10000,20000,H,
29,34,,right,10000,20000,H,
29,35,,left,10000,20000,H,
29,36,,right,10000,20000,H,
29,37,,right,10000,20000,H,
29,38,,right,10000,20000,H,
29,39,,right,10000,20000,H,
29,40,,left,10000,20000,H,
29,41,,left,10000,20000,H,
29,42,,left,10000,20000,H,
29,43,,left,10000,20000,V,
29,44,,left,10000,20000,V,
29,45,,right,10000,20000,V,
29,46,,left,10000,20000,V,
29,47,,right,10000,20000,V,
29,48,,left,10000,20000,V,
29,49,,right,10000,20000,VH,
29,50,,right,10000,20000,VH,
29,51,,left,10000,20000,VH,
29,52,,right,10000,20000,VH,
29,53,,right,10000,20000,VH,
29,54,,left,10000,20000,VH,
29,55,,left,10000,20000,VH,
29,56,,left,10000,20000,VH,
29,57,,left,10000,20000,VH,
29,58,,left,10000,20000,VH,
29,59,,right,10000,20000,VH,
29,60,,right,10000,20000,VH,
29,61,,right,10000,20000,V,
29,62,,right,10000,20000,V,
29,63,,left,10000,20000,V,
29,64,,left,10000,20000,V,
29,65,,left,10000,20000,V,
29,66,,right,10000,20000,V,
29,67,,left,10000,20000,H,
29,68,,left,10000,20000,H,
29,69,,right,10000,20000,H,
29,70,,left,10000,20000,H,
29,71,,right,10000,20000,H,
29,72,,left,10000,20000,H,
29,73,,right,10000,20000,H,
29,74,,left,10000,20000,H,
29,75,,left,10000,20000,H,
29,76,,left,10000,20000,H,
29,77,,left,10000,20000,H,
29,78,,right,10000,20000,H,
29,79,,right,10000,20000,VH,
29,80,,right,10000,20000,VH,
29,81,,left,10000,20000,VH,
29,82,,right,10000,20000,VH,
29,83,,left,10000,20000,VH,
29,84,,right,10000,20000,VH,
29,85,,right,10000,20000,V,
29,86,,left,10000,20000,V,
29,87,,right,10000,20000,V,
29,88,,right,10000,20000,V,
29,89,,left,10000,20000,V,
29,90,,right,10000,20000,V,
29,91,,left,10000,20000,H,
29,92,,left,10000,20000,H,
29,93,,right,10000,20000,H,
29,94,,right,10000,20000,H,
29,95,,left,10000,20000,H,
29,96,,right,10000,20000,H,
29,97,,left,10000,20000,VH,
29,98,,left,10000,20000,VH,
29,99,,left,10000,20000,VH,
29,100,,left,10000,20000,VH,
29,101,,left,10000,20000,VH,
29,102,,left,10000,20000,VH,
29,103,,right,10000,20000,V,
29,104,,left,10000,20000,V,
29,105,,left,10000,20000,V,
29,106,,left,10000,20000,V,
29,107,,left,10000,20000,V,
29,108,,right,10000,20000,V,
30,1,,right,10000,20000,V,
30,2,,left,10000,20000,V,
30,3,,left,10000,20000,V,
30,4,,right,10000,20000,V,
30,5,,left,10000,20000,V,
30,6,,right,10000,20000,V,
30,7,,left,10000,20000,VH,
30,8,,right,10000,20000,VH,
30,9,,right,10000,20000,VH,
30,10,,right,10000,20000,VH,
30,11,,left,10000,20000,VH,
30,12,,right,10000,20000,VH,
30,13,,left,10000,20000,H,
30,14,,left,10000,20000,H,
30,15,,left,10000,20000,H,
30,16,,right,10000,20000,H,
30,17,,left,10000,20000,H,
30,18,,left,10000,20000,H,
30,19,,left,10000,20000,V,
30,20,,right,10000,20000,V,
30,21,,left,10000,20000,V,
30,22,,left,10000,20000,V,
30,23,,left,10000,20000,V,
30,24,,right,10000,20000,V,
30,25,,left,10000,20000,H,
30,26,,right,10000,20000,H,
30,27,,right,10000,20000,H,
30,28,,right,10000,20000,H,
30,29,,right,10000,20000,H,
30,30,,left,10000,20000,H,
30,31,,left,10000,20000,VH,
30,32,,left,10000,20000,VH,
30,33,,right,10000,20000,VH,
30,34,,left,10000,20000,VH,
30,35,,left,10000,20000,VH,
30,36,,left,10000,20000,VH,
30,37,,left,10000,20000,V,
30,38,,right,10000,20000,V,
30,39,,right,10000,20000,V,
30,40,,left,10000,20000,V,
30,41,,left,10000,20000,V,
30,42,,right,10000,20000,V,
30,43,,left,10000,20000,H,
30,44,,left,10000,20000,H,
30,45,,left,10000,20000,H,
30,46,,right,10000,20000,H,
30,47,,left,10000,20000,H,
30,48,,right,10000,20000,H,
30,49,,left,10000,20000,VH,
30,50,,left,10000,20000,VH,
30,51,,left,10000,20000,VH,
30,52,,right,10000,20000,VH,
30,53,,right,10000,20000,VH,
30,54,,right,10000,20000,VH,
30,55,,left,10000,20000,VH,
30,56,,right,10000,20000,VH,
30,57,,left,10000,20000,VH,
30,58,,right,10000,20000,VH,
30,59,,left,10000,20000,VH,
30,60,,right,10000,20000,VH,
30,61,,left,10000,20000,H,
30,62,,right,10000,20000,H,
30,63,,right,10000,20000,H,
30,64,,right,10000,20000,H,
30,65,,right,10000,20000,H,
30,66,,left,10000,20000,H,
30,67,,left,10000,20000,V,
30,68,,left,10000,20000,V,
30,69,,left,10000,20000,V,
30,70,,right,10000,20000,V,
30,71,,right,10000,20000,V,
30,72,,left,10000,20000,V,
30,73,,right,10000,20000,VH,
30,74,,right,10000,20000,VH,
30,75,,right,10000,20000,VH,
30,76,,right,10000,20000,VH,
30,77,,right,10000,20000,VH,
30,78,,left,10000,20000,VH,
30,79,,left,10000,20000,V,
30,80,,right,10000,20000,V,
30,81,,right,10000,20000,V,
30,82,,right,10000,20000,V,
30,83,,left,10000,20000,V,
30,84,,left,10000,20000,V,
30,85,,right,10000,20000,H,
30,86,,right,10000,20000,H,
30,87,,right,10000,20000,H,
30,88,,right,10000,20000,H,
30,89,,left,10000,20000,H,
30,90,,left,10000,20000,H,
30,91,,left,10000,20000,VH,
30,92,,left,10000,20000,VH,
30,93,,left,10000,20000,VH,
30,94,,right,10000,20000,VH,
30,95,,left,10000,20000,VH,
30,96,,right,10000,20000,VH,
30,97,,right,10000,20000,H,
30,98,,left,10000,20000,H,
30,99,,right,10000,20000,H,
30,100,,left,10000,20000,H,
30,101,,left,10000,20000,H,
30,102,,right,10000,20000,H,
30,103,,right,10000,20000,V,
30,104,,right,10000,20000,V,
30,105,,right,10000,20000,V,
30,106,,right,10000,20000,V,
30,107,,right,10000,20000,V,
30,108,,left,10000,20000,V,
