participantID,trialNumber,sampleNumber,sampleOrder,sampleTime,comparisonTime,condition
1,1,72.0,right,10000,20000,VH
1,2,9.0,right,10000,20000,VH
1,3,66.0,right,10000,20000,VH
1,4,90.0,left,10000,20000,VH
1,5,84.0,right,10000,20000,VH
1,6,67.0,left,10000,20000,V
1,7,46.0,left,10000,20000,V
1,8,40.0,left,10000,20000,V
1,9,22.0,right,10000,20000,V
1,10,58.0,left,10000,20000,V
1,11,14.0,left,10000,20000,H
1,12,53.0,right,10000,20000,H
1,13,89.0,left,10000,20000,H
1,14,8.0,left,10000,20000,H
1,15,26.0,left,10000,20000,H
1,16,78.0,right,10000,20000,VH
1,17,21.0,right,10000,20000,VH
1,18,6.0,left,10000,20000,VH
1,19,51.0,right,10000,20000,VH
1,20,12.0,left,10000,20000,VH
1,21,17.0,left,10000,20000,H
1,22,59.0,left,10000,20000,H
1,23,71.0,left,10000,20000,H
1,24,74.0,left,10000,20000,H
1,25,35.0,right,10000,20000,H
1,26,43.0,right,10000,20000,V
1,27,28.0,left,10000,20000,V
1,28,85.0,left,10000,20000,V
1,29,70.0,right,10000,20000,V
1,30,76.0,right,10000,20000,V
1,31,60.0,left,10000,20000,VH
1,32,3.0,right,10000,20000,VH
1,33,69.0,left,10000,20000,VH
1,34,63.0,left,10000,20000,VH
1,35,39.0,left,10000,20000,VH
1,36,44.0,right,10000,20000,H
1,37,65.0,right,10000,20000,H
1,38,80.0,right,10000,20000,H
1,39,56.0,left,10000,20000,H
1,40,2.0,left,10000,20000,H
1,41,16.0,left,10000,20000,V
1,42,79.0,right,10000,20000,V
1,43,49.0,right,10000,20000,V
1,44,31.0,right,10000,20000,V
1,45,10.0,right,10000,20000,V
1,46,11.0,left,10000,20000,H
1,47,5.0,left,10000,20000,H
1,48,62.0,right,10000,20000,H
1,49,23.0,left,10000,20000,H
1,50,32.0,left,10000,20000,H
1,51,81.0,right,10000,20000,VH
1,52,54.0,right,10000,20000,VH
1,53,45.0,right,10000,20000,VH
1,54,36.0,left,10000,20000,VH
1,55,42.0,left,10000,20000,VH
1,56,82.0,right,10000,20000,V
1,57,73.0,left,10000,20000,V
1,58,88.0,left,10000,20000,V
1,59,61.0,left,10000,20000,V
1,60,4.0,left,10000,20000,V
1,61,41.0,left,10000,20000,H
1,62,83.0,left,10000,20000,H
1,63,86.0,right,10000,20000,H
1,64,68.0,right,10000,20000,H
1,65,29.0,right,10000,20000,H
1,66,24.0,right,10000,20000,VH
1,67,75.0,right,10000,20000,VH
1,68,33.0,right,10000,20000,VH
1,69,27.0,right,10000,20000,VH
1,70,87.0,right,10000,20000,VH
1,71,52.0,left,10000,20000,V
1,72,1.0,left,10000,20000,V
1,73,34.0,right,10000,20000,V
1,74,25.0,right,10000,20000,V
1,75,37.0,left,10000,20000,V
1,76,19.0,right,10000,20000,V
1,77,13.0,right,10000,20000,V
1,78,55.0,left,10000,20000,V
1,79,64.0,left,10000,20000,V
1,80,7.0,right,10000,20000,V
1,81,18.0,left,10000,20000,VH
1,82,30.0,right,10000,20000,VH
1,83,57.0,right,10000,20000,VH
1,84,15.0,right,10000,20000,VH
1,85,48.0,right,10000,20000,VH
1,86,38.0,right,10000,20000,H
1,87,77.0,left,10000,20000,H
1,88,50.0,left,10000,20000,H
1,89,47.0,right,10000,20000,H
1,90,20.0,left,10000,20000,H
2,1,90.0,left,10000,20000,V
2,2,51.0,right,10000,20000,V
2,3,60.0,left,10000,20000,V
2,4,57.0,left,10000,20000,V
2,5,69.0,left,10000,20000,V
2,6,59.0,right,10000,20000,VH
2,7,35.0,left,10000,20000,VH
2,8,68.0,left,10000,20000,VH
2,9,32.0,right,10000,20000,VH
2,10,86.0,right,10000,20000,VH
2,11,82.0,left,10000,20000,H
2,12,22.0,right,10000,20000,H
2,13,58.0,right,10000,20000,H
2,14,16.0,right,10000,20000,H
2,15,31.0,left,10000,20000,H
2,16,30.0,left,10000,20000,V
2,17,12.0,left,10000,20000,V
2,18,3.0,right,10000,20000,V
2,19,24.0,right,10000,20000,V
2,20,45.0,left,10000,20000,V
2,21,50.0,right,10000,20000,VH
2,22,80.0,left,10000,20000,VH
2,23,74.0,right,10000,20000,VH
2,24,23.0,right,10000,20000,VH
2,25,29.0,left,10000,20000,VH
2,26,25.0,right,10000,20000,H
2,27,67.0,right,10000,20000,H
2,28,88.0,left,10000,20000,H
2,29,64.0,right,10000,20000,H
2,30,40.0,right,10000,20000,H
2,31,53.0,right,10000,20000,VH
2,32,26.0,left,10000,20000,VH
2,33,11.0,right,10000,20000,VH
2,34,17.0,left,10000,20000,VH
2,35,41.0,right,10000,20000,VH
2,36,34.0,right,10000,20000,H
2,37,79.0,right,10000,20000,H
2,38,37.0,right,10000,20000,H
2,39,7.0,left,10000,20000,H
2,40,73.0,left,10000,20000,H
2,41,81.0,right,10000,20000,V
2,42,42.0,left,10000,20000,V
2,43,87.0,left,10000,20000,V
2,44,9.0,right,10000,20000,V
2,45,21.0,left,10000,20000,V
2,46,78.0,right,10000,20000,V
2,47,54.0,left,10000,20000,V
2,48,39.0,right,10000,20000,V
2,49,15.0,right,10000,20000,V
2,50,63.0,left,10000,20000,V
2,51,62.0,left,10000,20000,VH
2,52,77.0,right,10000,20000,VH
2,53,83.0,right,10000,20000,VH
2,54,89.0,right,10000,20000,VH
2,55,38.0,left,10000,20000,VH
2,56,28.0,left,10000,20000,H
2,57,85.0,left,10000,20000,H
2,58,1.0,right,10000,20000,H
2,59,52.0,left,10000,20000,H
2,60,70.0,left,10000,20000,H
2,61,72.0,left,10000,20000,V
2,62,18.0,right,10000,20000,V
2,63,33.0,right,10000,20000,V
2,64,27.0,right,10000,20000,V
2,65,6.0,right,10000,20000,V
2,66,4.0,left,10000,20000,H
2,67,76.0,left,10000,20000,H
2,68,55.0,left,10000,20000,H
2,69,10.0,left,10000,20000,H
2,70,43.0,left,10000,20000,H
2,71,8.0,left,10000,20000,VH
2,72,5.0,right,10000,20000,VH
2,73,56.0,left,10000,20000,VH
2,74,20.0,left,10000,20000,VH
2,75,44.0,right,10000,20000,VH
2,76,2.0,left,10000,20000,VH
2,77,14.0,right,10000,20000,VH
2,78,47.0,right,10000,20000,VH
2,79,71.0,left,10000,20000,VH
2,80,65.0,right,10000,20000,VH
2,81,61.0,left,10000,20000,H
2,82,19.0,right,10000,20000,H
2,83,46.0,left,10000,20000,H
2,84,13.0,right,10000,20000,H
2,85,49.0,left,10000,20000,H
2,86,48.0,right,10000,20000,V
2,87,66.0,right,10000,20000,V
2,88,84.0,left,10000,20000,V
2,89,36.0,left,10000,20000,V
2,90,75.0,right,10000,20000,V
3,1,7.0,left,10000,20000,VH
3,2,10.0,right,10000,20000,VH
3,3,16.0,left,10000,20000,VH
3,4,43.0,left,10000,20000,VH
3,5,46.0,left,10000,20000,VH
3,6,56.0,right,10000,20000,V
3,7,17.0,right,10000,20000,V
3,8,86.0,right,10000,20000,V
3,9,11.0,left,10000,20000,V
3,10,77.0,left,10000,20000,V
3,11,66.0,right,10000,20000,H
3,12,90.0,left,10000,20000,H
3,13,60.0,left,10000,20000,H
3,14,27.0,right,10000,20000,H
3,15,57.0,right,10000,20000,H
3,16,33.0,right,10000,20000,H
3,17,9.0,right,10000,20000,H
3,18,84.0,left,10000,20000,H
3,19,69.0,left,10000,20000,H
3,20,45.0,right,10000,20000,H
3,21,70.0,right,10000,20000,VH
3,22,85.0,right,10000,20000,VH
3,23,64.0,right,10000,20000,VH
3,24,25.0,right,10000,20000,VH
3,25,49.0,right,10000,20000,VH
3,26,44.0,left,10000,20000,V
3,27,20.0,left,10000,20000,V
3,28,14.0,left,10000,20000,V
3,29,71.0,left,10000,20000,V
3,30,8.0,right,10000,20000,V
3,31,59.0,right,10000,20000,V
3,32,29.0,right,10000,20000,V
3,33,5.0,left,10000,20000,V
3,34,80.0,left,10000,20000,V
3,35,83.0,left,10000,20000,V
3,36,58.0,left,10000,20000,VH
3,37,31.0,left,10000,20000,VH
3,38,40.0,left,10000,20000,VH
3,39,34.0,left,10000,20000,VH
3,40,61.0,right,10000,20000,VH
3,41,54.0,left,10000,20000,H
3,42,18.0,right,10000,20000,H
3,43,75.0,left,10000,20000,H
3,44,87.0,right,10000,20000,H
3,45,48.0,left,10000,20000,H
3,46,82.0,left,10000,20000,VH
3,47,28.0,left,10000,20000,VH
3,48,37.0,left,10000,20000,VH
3,49,1.0,right,10000,20000,VH
3,50,55.0,left,10000,20000,VH
3,51,89.0,right,10000,20000,V
3,52,32.0,right,10000,20000,V
3,53,35.0,right,10000,20000,V
3,54,68.0,right,10000,20000,V
3,55,50.0,right,10000,20000,V
3,56,12.0,left,10000,20000,H
3,57,36.0,left,10000,20000,H
3,58,81.0,left,10000,20000,H
3,59,78.0,left,10000,20000,H
3,60,42.0,right,10000,20000,H
3,61,19.0,left,10000,20000,VH
3,62,73.0,right,10000,20000,VH
3,63,22.0,right,10000,20000,VH
3,64,52.0,left,10000,20000,VH
3,65,4.0,right,10000,20000,VH
3,66,30.0,left,10000,20000,H
3,67,39.0,right,10000,20000,H
3,68,15.0,right,10000,20000,H
3,69,51.0,left,10000,20000,H
3,70,21.0,right,10000,20000,H
3,71,41.0,right,10000,20000,V
3,72,47.0,right,10000,20000,V
3,73,38.0,right,10000,20000,V
3,74,74.0,left,10000,20000,V
3,75,23.0,left,10000,20000,V
3,76,79.0,right,10000,20000,VH
3,77,67.0,right,10000,20000,VH
3,78,13.0,right,10000,20000,VH
3,79,76.0,left,10000,20000,VH
3,80,88.0,right,10000,20000,VH
3,81,65.0,right,10000,20000,V
3,82,26.0,right,10000,20000,V
3,83,53.0,left,10000,20000,V
3,84,2.0,left,10000,20000,V
3,85,62.0,left,10000,20000,V
3,86,72.0,right,10000,20000,H
3,87,6.0,right,10000,20000,H
3,88,63.0,left,10000,20000,H
3,89,3.0,left,10000,20000,H
3,90,24.0,left,10000,20000,H
4,1,80.0,right,10000,20000,H
4,2,74.0,right,10000,20000,H
4,3,11.0,left,10000,20000,H
4,4,26.0,left,10000,20000,H
4,5,23.0,right,10000,20000,H
4,6,39.0,left,10000,20000,VH
4,7,78.0,right,10000,20000,VH
4,8,75.0,right,10000,20000,VH
4,9,18.0,left,10000,20000,VH
4,10,84.0,right,10000,20000,VH
4,11,88.0,left,10000,20000,V
4,12,49.0,left,10000,20000,V
4,13,76.0,right,10000,20000,V
4,14,61.0,right,10000,20000,V
4,15,43.0,left,10000,20000,V
4,16,13.0,right,10000,20000,V
4,17,52.0,right,10000,20000,V
4,18,82.0,left,10000,20000,V
4,19,10.0,left,10000,20000,V
4,20,1.0,left,10000,20000,V
4,21,21.0,left,10000,20000,VH
4,22,36.0,right,10000,20000,VH
4,23,72.0,left,10000,20000,VH
4,24,24.0,right,10000,20000,VH
4,25,6.0,right,10000,20000,VH
4,26,65.0,right,10000,20000,H
4,27,5.0,left,10000,20000,H
4,28,41.0,right,10000,20000,H
4,29,89.0,right,10000,20000,H
4,30,44.0,right,10000,20000,H
4,31,69.0,right,10000,20000,VH
4,32,87.0,left,10000,20000,VH
4,33,12.0,left,10000,20000,VH
4,34,9.0,left,10000,20000,VH
4,35,42.0,left,10000,20000,VH
4,36,34.0,left,10000,20000,V
4,37,22.0,right,10000,20000,V
4,38,70.0,left,10000,20000,V
4,39,31.0,left,10000,20000,V
4,40,4.0,left,10000,20000,V
4,41,17.0,right,10000,20000,H
4,42,8.0,right,10000,20000,H
4,43,47.0,left,10000,20000,H
4,44,68.0,left,10000,20000,H
4,45,83.0,right,10000,20000,H
4,46,37.0,left,10000,20000,V
4,47,16.0,right,10000,20000,V
4,48,58.0,left,10000,20000,V
4,49,46.0,left,10000,20000,V
4,50,28.0,left,10000,20000,V
4,51,30.0,left,10000,20000,VH
4,52,33.0,right,10000,20000,VH
4,53,63.0,right,10000,20000,VH
4,54,27.0,left,10000,20000,VH
4,55,66.0,left,10000,20000,VH
4,56,38.0,right,10000,20000,H
4,57,14.0,left,10000,20000,H
4,58,35.0,left,10000,20000,H
4,59,32.0,right,10000,20000,H
4,60,29.0,left,10000,20000,H
4,61,53.0,left,10000,20000,H
4,62,2.0,right,10000,20000,H
4,63,59.0,right,10000,20000,H
4,64,62.0,right,10000,20000,H
4,65,77.0,right,10000,20000,H
4,66,64.0,right,10000,20000,V
4,67,25.0,right,10000,20000,V
4,68,19.0,right,10000,20000,V
4,69,55.0,right,10000,20000,V
4,70,7.0,left,10000,20000,V
4,71,48.0,left,10000,20000,VH
4,72,81.0,left,10000,20000,VH
4,73,90.0,right,10000,20000,VH
4,74,60.0,right,10000,20000,VH
4,75,54.0,right,10000,20000,VH
4,76,73.0,right,10000,20000,V
4,77,40.0,left,10000,20000,V
4,78,67.0,left,10000,20000,V
4,79,79.0,right,10000,20000,V
4,80,85.0,right,10000,20000,V
4,81,51.0,left,10000,20000,VH
4,82,57.0,left,10000,20000,VH
4,83,3.0,right,10000,20000,VH
4,84,45.0,left,10000,20000,VH
4,85,15.0,right,10000,20000,VH
4,86,50.0,left,10000,20000,H
4,87,56.0,right,10000,20000,H
4,88,20.0,left,10000,20000,H
4,89,71.0,right,10000,20000,H
4,90,86.0,left,10000,20000,H
5,1,46.0,right,10000,20000,H
5,2,10.0,right,10000,20000,H
5,3,61.0,right,10000,20000,H
5,4,7.0,left,10000,20000,H
5,5,4.0,right,10000,20000,H
5,6,35.0,left,10000,20000,VH
5,7,41.0,right,10000,20000,VH
5,8,53.0,left,10000,20000,VH
5,9,26.0,left,10000,20000,VH
5,10,59.0,left,10000,20000,VH
5,11,12.0,left,10000,20000,V
5,12,42.0,left,10000,20000,V
5,13,90.0,right,10000,20000,V
5,14,60.0,left,10000,20000,V
5,15,75.0,left,10000,20000,V
5,16,80.0,right,10000,20000,VH
5,17,47.0,left,10000,20000,VH
5,18,8.0,left,10000,20000,VH
5,19,17.0,right,10000,20000,VH
5,20,65.0,left,10000,20000,VH
5,21,55.0,left,10000,20000,H
5,22,1.0,right,10000,20000,H
5,23,19.0,right,10000,20000,H
5,24,79.0,left,10000,20000,H
5,25,52.0,left,10000,20000,H
5,26,45.0,left,10000,20000,V
5,27,51.0,left,10000,20000,V
5,28,18.0,right,10000,20000,V
5,29,81.0,right,10000,20000,V
5,30,6.0,right,10000,20000,V
5,31,5.0,left,10000,20000,VH
5,32,44.0,right,10000,20000,VH
5,33,62.0,right,10000,20000,VH
5,34,32.0,right,10000,20000,VH
5,35,50.0,right,10000,20000,VH
5,36,33.0,right,10000,20000,V
5,37,87.0,right,10000,20000,V
5,38,72.0,right,10000,20000,V
5,39,27.0,left,10000,20000,V
5,40,54.0,right,10000,20000,V
5,41,49.0,left,10000,20000,H
5,42,13.0,left,10000,20000,H
5,43,67.0,left,10000,20000,H
5,44,22.0,right,10000,20000,H
5,45,88.0,left,10000,20000,H
5,46,25.0,left,10000,20000,H
5,47,34.0,left,10000,20000,H
5,48,58.0,right,10000,20000,H
5,49,16.0,left,10000,20000,H
5,50,28.0,right,10000,20000,H
5,51,84.0,right,10000,20000,V
5,52,21.0,left,10000,20000,V
5,53,57.0,right,10000,20000,V
5,54,15.0,left,10000,20000,V
5,55,24.0,left,10000,20000,V
5,56,14.0,right,10000,20000,VH
5,57,23.0,right,10000,20000,VH
5,58,83.0,right,10000,20000,VH
5,59,11.0,left,10000,20000,VH
5,60,2.0,right,10000,20000,VH
5,61,39.0,right,10000,20000,V
5,62,36.0,left,10000,20000,V
5,63,63.0,left,10000,20000,V
5,64,66.0,right,10000,20000,V
5,65,3.0,right,10000,20000,V
5,66,76.0,right,10000,20000,H
5,67,82.0,right,10000,20000,H
5,68,37.0,right,10000,20000,H
5,69,40.0,left,10000,20000,H
5,70,73.0,left,10000,20000,H
5,71,71.0,right,10000,20000,VH
5,72,89.0,right,10000,20000,VH
5,73,77.0,left,10000,20000,VH
5,74,86.0,left,10000,20000,VH
5,75,74.0,right,10000,20000,VH
5,76,31.0,left,10000,20000,H
5,77,85.0,right,10000,20000,H
5,78,43.0,left,10000,20000,H
5,79,64.0,left,10000,20000,H
5,80,70.0,right,10000,20000,H
5,81,29.0,left,10000,20000,VH
5,82,68.0,right,10000,20000,VH
5,83,38.0,right,10000,20000,VH
5,84,56.0,left,10000,20000,VH
5,85,20.0,right,10000,20000,VH
5,86,30.0,right,10000,20000,V
5,87,9.0,left,10000,20000,V
5,88,48.0,left,10000,20000,V
5,89,69.0,left,10000,20000,V
5,90,78.0,left,10000,20000,V
6,1,21.0,right,10000,20000,H
6,2,6.0,right,10000,20000,H
6,3,60.0,left,10000,20000,H
6,4,72.0,left,10000,20000,H
6,5,39.0,right,10000,20000,H
6,6,83.0,right,10000,20000,V
6,7,20.0,left,10000,20000,V
6,8,47.0,right,10000,20000,V
6,9,26.0,right,10000,20000,V
6,10,32.0,left,10000,20000,V
6,11,4.0,left,10000,20000,VH
6,12,43.0,left,10000,20000,VH
6,13,25.0,left,10000,20000,VH
6,14,31.0,right,10000,20000,VH
6,15,16.0,right,10000,20000,VH
6,16,54.0,right,10000,20000,H
6,17,18.0,left,10000,20000,H
6,18,33.0,left,10000,20000,H
6,19,57.0,left,10000,20000,H
6,20,81.0,right,10000,20000,H
6,21,34.0,left,10000,20000,VH
6,22,79.0,left,10000,20000,VH
6,23,55.0,left,10000,20000,VH
6,24,49.0,right,10000,20000,VH
6,25,64.0,right,10000,20000,VH
6,26,65.0,right,10000,20000,V
6,27,17.0,right,10000,20000,V
6,28,86.0,right,10000,20000,V
6,29,11.0,right,10000,20000,V
6,30,74.0,right,10000,20000,V
6,31,48.0,right,10000,20000,H
6,32,75.0,right,10000,20000,H
6,33,9.0,left,10000,20000,H
6,34,63.0,right,10000,20000,H
6,35,45.0,right,10000,20000,H
6,36,80.0,left,10000,20000,V
6,37,2.0,right,10000,20000,V
6,38,29.0,left,10000,20000,V
6,39,5.0,left,10000,20000,V
6,40,56.0,right,10000,20000,V
6,41,37.0,left,10000,20000,VH
6,42,28.0,left,10000,20000,VH
6,43,1.0,right,10000,20000,VH
6,44,76.0,right,10000,20000,VH
6,45,19.0,right,10000,20000,VH
6,46,27.0,left,10000,20000,H
6,47,78.0,left,10000,20000,H
6,48,84.0,left,10000,20000,H
6,49,12.0,right,10000,20000,H
6,50,51.0,right,10000,20000,H
6,51,35.0,right,10000,20000,V
6,52,62.0,left,10000,20000,V
6,53,89.0,right,10000,20000,V
6,54,50.0,right,10000,20000,V
6,55,53.0,left,10000,20000,V
6,56,58.0,left,10000,20000,VH
6,57,52.0,left,10000,20000,VH
6,58,82.0,right,10000,20000,VH
6,59,7.0,left,10000,20000,VH
6,60,22.0,left,10000,20000,VH
6,61,24.0,left,10000,20000,H
6,62,30.0,right,10000,20000,H
6,63,15.0,left,10000,20000,H
6,64,87.0,right,10000,20000,H
6,65,69.0,left,10000,20000,H
6,66,77.0,right,10000,20000,V
6,67,23.0,left,10000,20000,V
6,68,38.0,left,10000,20000,V
6,69,8.0,right,10000,20000,V
6,70,44.0,left,10000,20000,V
6,71,46.0,left,10000,20000,VH
6,72,73.0,right,10000,20000,VH
6,73,13.0,left,10000,20000,VH
6,74,85.0,right,10000,20000,VH
6,75,61.0,right,10000,20000,VH
6,76,70.0,right,10000,20000,VH
6,77,40.0,right,10000,20000,VH
6,78,88.0,left,10000,20000,VH
6,79,67.0,right,10000,20000,VH
6,80,10.0,left,10000,20000,VH
6,81,42.0,right,10000,20000,H
6,82,3.0,left,10000,20000,H
6,83,36.0,left,10000,20000,H
6,84,66.0,right,10000,20000,H
6,85,90.0,left,10000,20000,H
6,86,41.0,left,10000,20000,V
6,87,68.0,left,10000,20000,V
6,88,14.0,left,10000,20000,V
6,89,59.0,left,10000,20000,V
6,90,71.0,right,10000,20000,V
7,1,80.0,right,10000,20000,H
7,2,53.0,right,10000,20000,H
7,3,77.0,right,10000,20000,H
7,4,83.0,left,10000,20000,H
7,5,29.0,right,10000,20000,H
7,6,66.0,right,10000,20000,VH
7,7,63.0,right,10000,20000,VH
7,8,45.0,right,10000,20000,VH
7,9,27.0,right,10000,20000,VH
7,10,6.0,left,10000,20000,VH
7,11,64.0,right,10000,20000,V
7,12,85.0,left,10000,20000,V
7,13,31.0,right,10000,20000,V
7,14,76.0,right,10000,20000,V
7,15,28.0,left,10000,20000,V
7,16,4.0,left,10000,20000,V
7,17,55.0,right,10000,20000,V
7,18,73.0,left,10000,20000,V
7,19,79.0,left,10000,20000,V
7,20,82.0,right,10000,20000,V
7,21,86.0,right,10000,20000,H
7,22,89.0,right,10000,20000,H
7,23,35.0,left,10000,20000,H
7,24,26.0,left,10000,20000,H
7,25,62.0,left,10000,20000,H
7,26,60.0,left,10000,20000,VH
7,27,39.0,left,10000,20000,VH
7,28,21.0,left,10000,20000,VH
7,29,12.0,right,10000,20000,VH
7,30,24.0,left,10000,20000,VH
7,31,15.0,right,10000,20000,VH
7,32,30.0,right,10000,20000,VH
7,33,72.0,right,10000,20000,VH
7,34,90.0,left,10000,20000,VH
7,35,69.0,left,10000,20000,VH
7,36,67.0,left,10000,20000,V
7,37,1.0,right,10000,20000,V
7,38,19.0,left,10000,20000,V
7,39,37.0,left,10000,20000,V
7,40,22.0,left,10000,20000,V
7,41,23.0,right,10000,20000,H
7,42,14.0,left,10000,20000,H
7,43,71.0,left,10000,20000,H
7,44,11.0,left,10000,20000,H
7,45,20.0,right,10000,20000,H
7,46,52.0,left,10000,20000,V
7,47,49.0,left,10000,20000,V
7,48,70.0,left,10000,20000,V
7,49,43.0,right,10000,20000,V
7,50,25.0,right,10000,20000,V
7,51,65.0,right,10000,20000,H
7,52,32.0,right,10000,20000,H
7,53,47.0,left,10000,20000,H
7,54,59.0,right,10000,20000,H
7,55,38.0,right,10000,20000,H
7,56,3.0,left,10000,20000,VH
7,57,84.0,right,10000,20000,VH
7,58,75.0,left,10000,20000,VH
7,59,57.0,left,10000,20000,VH
7,60,9.0,right,10000,20000,VH
7,61,68.0,left,10000,20000,H
7,62,74.0,left,10000,20000,H
7,63,56.0,left,10000,20000,H
7,64,5.0,right,10000,20000,H
7,65,8.0,right,10000,20000,H
7,66,42.0,left,10000,20000,VH
7,67,36.0,right,10000,20000,VH
7,68,81.0,right,10000,20000,VH
7,69,18.0,left,10000,20000,VH
7,70,87.0,left,10000,20000,VH
7,71,16.0,right,10000,20000,V
7,72,34.0,right,10000,20000,V
7,73,13.0,right,10000,20000,V
7,74,46.0,left,10000,20000,V
7,75,7.0,left,10000,20000,V
7,76,44.0,left,10000,20000,H
7,77,41.0,left,10000,20000,H
7,78,50.0,right,10000,20000,H
7,79,2.0,right,10000,20000,H
7,80,17.0,right,10000,20000,H
7,81,78.0,right,10000,20000,VH
7,82,33.0,left,10000,20000,VH
7,83,48.0,right,10000,20000,VH
7,84,54.0,left,10000,20000,VH
7,85,51.0,right,10000,20000,VH
7,86,40.0,left,10000,20000,V
7,87,88.0,right,10000,20000,V
7,88,58.0,right,10000,20000,V
7,89,61.0,left,10000,20000,V
7,90,10.0,left,10000,20000,V
8,1,84.0,left,10000,20000,V
8,2,57.0,left,10000,20000,V
8,3,18.0,left,10000,20000,V
8,4,9.0,right,10000,20000,V
8,5,42.0,right,10000,20000,V
8,6,47.0,left,10000,20000,VH
8,7,35.0,left,10000,20000,VH
8,8,23.0,right,10000,20000,VH
8,9,17.0,left,10000,20000,VH
8,10,44.0,right,10000,20000,VH
8,11,25.0,right,10000,20000,H
8,12,61.0,left,10000,20000,H
8,13,52.0,right,10000,20000,H
8,14,70.0,right,10000,20000,H
8,15,13.0,left,10000,20000,H
8,16,20.0,left,10000,20000,VH
8,17,32.0,right,10000,20000,VH
8,18,77.0,right,10000,20000,VH
8,19,71.0,left,10000,20000,VH
8,20,8.0,right,10000,20000,VH
8,21,63.0,left,10000,20000,V
8,22,12.0,left,10000,20000,V
8,23,33.0,right,10000,20000,V
8,24,54.0,left,10000,20000,V
8,25,36.0,left,10000,20000,V
8,26,76.0,left,10000,20000,H
8,27,19.0,right,10000,20000,H
8,28,55.0,right,10000,20000,H
8,29,79.0,right,10000,20000,H
8,30,43.0,left,10000,20000,H
8,31,75.0,left,10000,20000,V
8,32,72.0,left,10000,20000,V
8,33,81.0,right,10000,20000,V
8,34,60.0,right,10000,20000,V
8,35,87.0,left,10000,20000,V
8,36,40.0,right,10000,20000,H
8,37,67.0,right,10000,20000,H
8,38,73.0,right,10000,20000,H
8,39,31.0,right,10000,20000,H
8,40,46.0,left,10000,20000,H
8,41,29.0,left,10000,20000,VH
8,42,89.0,left,10000,20000,VH
8,43,59.0,left,10000,20000,VH
8,44,11.0,left,10000,20000,VH
8,45,65.0,right,10000,20000,VH
8,46,34.0,right,10000,20000,H
8,47,4.0,left,10000,20000,H
8,48,82.0,left,10000,20000,H
8,49,22.0,right,10000,20000,H
8,50,16.0,left,10000,20000,H
8,51,38.0,right,10000,20000,VH
8,52,2.0,right,10000,20000,VH
8,53,50.0,right,10000,20000,VH
8,54,14.0,right,10000,20000,VH
8,55,56.0,left,10000,20000,VH
8,56,6.0,left,10000,20000,V
8,57,78.0,right,10000,20000,V
8,58,21.0,left,10000,20000,V
8,59,90.0,right,10000,20000,V
8,60,66.0,left,10000,20000,V
8,61,49.0,left,10000,20000,H
8,62,37.0,right,10000,20000,H
8,63,10.0,right,10000,20000,H
8,64,58.0,left,10000,20000,H
8,65,85.0,right,10000,20000,H
8,66,53.0,right,10000,20000,VH
8,67,86.0,right,10000,20000,VH
8,68,83.0,right,10000,20000,VH
8,69,74.0,right,10000,20000,VH
8,70,26.0,left,10000,20000,VH
8,71,15.0,left,10000,20000,V
8,72,51.0,right,10000,20000,V
8,73,30.0,right,10000,20000,V
8,74,24.0,left,10000,20000,V
8,75,45.0,right,10000,20000,V
8,76,80.0,right,10000,20000,VH
8,77,68.0,left,10000,20000,VH
8,78,41.0,left,10000,20000,VH
8,79,62.0,left,10000,20000,VH
8,80,5.0,left,10000,20000,VH
8,81,88.0,right,10000,20000,H
8,82,64.0,right,10000,20000,H
8,83,7.0,left,10000,20000,H
8,84,28.0,right,10000,20000,H
8,85,1.0,left,10000,20000,H
8,86,27.0,right,10000,20000,V
8,87,48.0,left,10000,20000,V
8,88,69.0,left,10000,20000,V
8,89,3.0,left,10000,20000,V
8,90,39.0,right,10000,20000,V
9,1,3.0,left,10000,20000,H
9,2,90.0,left,10000,20000,H
9,3,18.0,left,10000,20000,H
9,4,30.0,right,10000,20000,H
9,5,21.0,right,10000,20000,H
9,6,43.0,left,10000,20000,VH
9,7,70.0,right,10000,20000,VH
9,8,22.0,left,10000,20000,VH
9,9,46.0,right,10000,20000,VH
9,10,37.0,left,10000,20000,VH
9,11,47.0,right,10000,20000,V
9,12,86.0,right,10000,20000,V
9,13,80.0,left,10000,20000,V
9,14,41.0,right,10000,20000,V
9,15,83.0,left,10000,20000,V
9,16,12.0,right,10000,20000,H
9,17,39.0,left,10000,20000,H
9,18,48.0,left,10000,20000,H
9,19,81.0,left,10000,20000,H
9,20,87.0,left,10000,20000,H
9,21,8.0,left,10000,20000,V
9,22,5.0,right,10000,20000,V
9,23,59.0,right,10000,20000,V
9,24,44.0,right,10000,20000,V
9,25,53.0,right,10000,20000,V
9,26,67.0,left,10000,20000,VH
9,27,73.0,left,10000,20000,VH
9,28,28.0,right,10000,20000,VH
9,29,49.0,left,10000,20000,VH
9,30,10.0,left,10000,20000,VH
9,31,4.0,left,10000,20000,VH
9,32,19.0,left,10000,20000,VH
9,33,13.0,right,10000,20000,VH
9,34,55.0,right,10000,20000,VH
9,35,64.0,right,10000,20000,VH
9,36,72.0,right,10000,20000,H
9,37,66.0,left,10000,20000,H
9,38,51.0,right,10000,20000,H
9,39,57.0,left,10000,20000,H
9,40,6.0,left,10000,20000,H
9,41,50.0,right,10000,20000,V
9,42,77.0,right,10000,20000,V
9,43,71.0,left,10000,20000,V
9,44,23.0,right,10000,20000,V
9,45,2.0,right,10000,20000,V
9,46,27.0,right,10000,20000,H
9,47,9.0,left,10000,20000,H
9,48,15.0,right,10000,20000,H
9,49,69.0,right,10000,20000,H
9,50,75.0,left,10000,20000,H
9,51,31.0,right,10000,20000,VH
9,52,88.0,right,10000,20000,VH
9,53,40.0,right,10000,20000,VH
9,54,52.0,left,10000,20000,VH
9,55,34.0,right,10000,20000,VH
9,56,89.0,left,10000,20000,V
9,57,56.0,left,10000,20000,V
9,58,17.0,right,10000,20000,V
9,59,68.0,right,10000,20000,V
9,60,11.0,right,10000,20000,V
9,61,54.0,left,10000,20000,H
9,62,24.0,left,10000,20000,H
9,63,78.0,left,10000,20000,H
9,64,42.0,left,10000,20000,H
9,65,45.0,right,10000,20000,H
9,66,74.0,right,10000,20000,V
9,67,20.0,right,10000,20000,V
9,68,65.0,left,10000,20000,V
9,69,26.0,right,10000,20000,V
9,70,38.0,left,10000,20000,V
9,71,16.0,right,10000,20000,VH
9,72,79.0,right,10000,20000,VH
9,73,61.0,right,10000,20000,VH
9,74,82.0,left,10000,20000,VH
9,75,25.0,right,10000,20000,VH
9,76,7.0,left,10000,20000,VH
9,77,58.0,right,10000,20000,VH
9,78,1.0,left,10000,20000,VH
9,79,85.0,left,10000,20000,VH
9,80,76.0,left,10000,20000,VH
9,81,32.0,left,10000,20000,V
9,82,35.0,left,10000,20000,V
9,83,14.0,right,10000,20000,V
9,84,62.0,right,10000,20000,V
9,85,29.0,left,10000,20000,V
9,86,63.0,left,10000,20000,H
9,87,60.0,right,10000,20000,H
9,88,33.0,left,10000,20000,H
9,89,84.0,left,10000,20000,H
9,90,36.0,right,10000,20000,H
10,1,71.0,right,10000,20000,H
10,2,23.0,right,10000,20000,H
10,3,44.0,left,10000,20000,H
10,4,86.0,right,10000,20000,H
10,5,89.0,right,10000,20000,H
10,6,1.0,right,10000,20000,V
10,7,52.0,left,10000,20000,V
10,8,58.0,left,10000,20000,V
10,9,40.0,left,10000,20000,V
10,10,88.0,left,10000,20000,V
10,11,36.0,left,10000,20000,VH
10,12,33.0,left,10000,20000,VH
10,13,15.0,right,10000,20000,VH
10,14,60.0,left,10000,20000,VH
10,15,63.0,right,10000,20000,VH
10,16,54.0,right,10000,20000,VH
10,17,39.0,left,10000,20000,VH
10,18,57.0,left,10000,20000,VH
10,19,66.0,right,10000,20000,VH
10,20,87.0,right,10000,20000,VH
10,21,68.0,left,10000,20000,H
10,22,41.0,left,10000,20000,H
10,23,59.0,left,10000,20000,H
10,24,2.0,left,10000,20000,H
10,25,17.0,right,10000,20000,H
10,26,79.0,right,10000,20000,V
10,27,28.0,left,10000,20000,V
10,28,85.0,left,10000,20000,V
10,29,16.0,right,10000,20000,V
10,30,31.0,right,10000,20000,V
10,31,82.0,left,10000,20000,V
10,32,19.0,left,10000,20000,V
10,33,4.0,right,10000,20000,V
10,34,7.0,right,10000,20000,V
10,35,46.0,left,10000,20000,V
10,36,69.0,left,10000,20000,VH
10,37,27.0,right,10000,20000,VH
10,38,90.0,right,10000,20000,VH
10,39,84.0,right,10000,20000,VH
10,40,72.0,left,10000,20000,VH
10,41,11.0,right,10000,20000,H
10,42,47.0,right,10000,20000,H
10,43,8.0,left,10000,20000,H
10,44,77.0,right,10000,20000,H
10,45,62.0,right,10000,20000,H
10,46,5.0,left,10000,20000,H
10,47,65.0,right,10000,20000,H
10,48,32.0,right,10000,20000,H
10,49,56.0,right,10000,20000,H
10,50,20.0,left,10000,20000,H
10,51,12.0,left,10000,20000,VH
10,52,45.0,right,10000,20000,VH
10,53,51.0,right,10000,20000,VH
10,54,6.0,right,10000,20000,VH
10,55,81.0,left,10000,20000,VH
10,56,37.0,left,10000,20000,V
10,57,76.0,left,10000,20000,V
10,58,70.0,left,10000,20000,V
10,59,43.0,right,10000,20000,V
10,60,34.0,left,10000,20000,V
10,61,21.0,right,10000,20000,VH
10,62,9.0,right,10000,20000,VH
10,63,42.0,right,10000,20000,VH
10,64,78.0,right,10000,20000,VH
10,65,75.0,left,10000,20000,VH
10,66,14.0,left,10000,20000,H
10,67,83.0,left,10000,20000,H
10,68,53.0,left,10000,20000,H
10,69,38.0,left,10000,20000,H
10,70,35.0,left,10000,20000,H
10,71,25.0,left,10000,20000,V
10,72,61.0,left,10000,20000,V
10,73,64.0,left,10000,20000,V
10,74,49.0,right,10000,20000,V
10,75,10.0,right,10000,20000,V
10,76,50.0,left,10000,20000,H
10,77,80.0,right,10000,20000,H
10,78,74.0,left,10000,20000,H
10,79,26.0,right,10000,20000,H
10,80,29.0,left,10000,20000,H
10,81,22.0,right,10000,20000,V
10,82,13.0,left,10000,20000,V
10,83,67.0,right,10000,20000,V
10,84,73.0,right,10000,20000,V
10,85,55.0,left,10000,20000,V
10,86,18.0,right,10000,20000,VH
10,87,3.0,right,10000,20000,VH
10,88,30.0,right,10000,20000,VH
10,89,48.0,left,10000,20000,VH
10,90,24.0,right,10000,20000,VH
11,1,37.0,right,10000,20000,H
11,2,13.0,right,10000,20000,H
11,3,16.0,right,10000,20000,H
11,4,61.0,left,10000,20000,H
11,5,10.0,left,10000,20000,H
11,6,84.0,left,10000,20000,V
11,7,72.0,left,10000,20000,V
11,8,87.0,right,10000,20000,V
11,9,30.0,right,10000,20000,V
11,10,45.0,left,10000,20000,V
11,11,2.0,right,10000,20000,VH
11,12,80.0,left,10000,20000,VH
11,13,86.0,right,10000,20000,VH
11,14,68.0,left,10000,20000,VH
11,15,41.0,right,10000,20000,VH
11,16,17.0,right,10000,20000,VH
11,17,89.0,right,10000,20000,VH
11,18,44.0,left,10000,20000,VH
11,19,47.0,right,10000,20000,VH
11,20,53.0,right,10000,20000,VH
11,21,52.0,right,10000,20000,H
11,22,85.0,right,10000,20000,H
11,23,67.0,left,10000,20000,H
11,24,49.0,right,10000,20000,H
11,25,22.0,right,10000,20000,H
11,26,27.0,left,10000,20000,V
11,27,21.0,left,10000,20000,V
11,28,81.0,right,10000,20000,V
11,29,60.0,right,10000,20000,V
11,30,57.0,left,10000,20000,V
11,31,12.0,right,10000,20000,V
11,32,54.0,right,10000,20000,V
11,33,6.0,right,10000,20000,V
11,34,9.0,left,10000,20000,V
11,35,66.0,left,10000,20000,V
11,36,76.0,right,10000,20000,H
11,37,25.0,right,10000,20000,H
11,38,64.0,left,10000,20000,H
11,39,70.0,left,10000,20000,H
11,40,34.0,left,10000,20000,H
11,41,8.0,left,10000,20000,VH
11,42,83.0,left,10000,20000,VH
11,43,29.0,right,10000,20000,VH
11,44,35.0,left,10000,20000,VH
11,45,71.0,left,10000,20000,VH
11,46,88.0,left,10000,20000,H
11,47,19.0,left,10000,20000,H
11,48,43.0,right,10000,20000,H
11,49,79.0,right,10000,20000,H
11,50,7.0,right,10000,20000,H
11,51,56.0,left,10000,20000,VH
11,52,77.0,left,10000,20000,VH
11,53,62.0,right,10000,20000,VH
11,54,38.0,right,10000,20000,VH
11,55,5.0,right,10000,20000,VH
11,56,51.0,left,10000,20000,V
11,57,69.0,left,10000,20000,V
11,58,15.0,right,10000,20000,V
11,59,78.0,left,10000,20000,V
11,60,90.0,left,10000,20000,V
11,61,40.0,right,10000,20000,H
11,62,58.0,right,10000,20000,H
11,63,73.0,left,10000,20000,H
11,64,28.0,right,10000,20000,H
11,65,55.0,left,10000,20000,H
11,66,33.0,right,10000,20000,V
11,67,75.0,left,10000,20000,V
11,68,36.0,right,10000,20000,V
11,69,63.0,left,10000,20000,V
11,70,24.0,left,10000,20000,V
11,71,65.0,right,10000,20000,VH
11,72,59.0,right,10000,20000,VH
11,73,11.0,left,10000,20000,VH
11,74,23.0,left,10000,20000,VH
11,75,74.0,left,10000,20000,VH
11,76,3.0,right,10000,20000,V
11,77,42.0,left,10000,20000,V
11,78,39.0,right,10000,20000,V
11,79,48.0,left,10000,20000,V
11,80,18.0,left,10000,20000,V
11,81,31.0,right,10000,20000,H
11,82,4.0,right,10000,20000,H
11,83,82.0,right,10000,20000,H
11,84,46.0,left,10000,20000,H
11,85,1.0,left,10000,20000,H
11,86,14.0,left,10000,20000,VH
11,87,50.0,right,10000,20000,VH
11,88,20.0,left,10000,20000,VH
11,89,26.0,right,10000,20000,VH
11,90,32.0,left,10000,20000,VH
12,1,72.0,right,10000,20000,H
12,2,66.0,right,10000,20000,H
12,3,3.0,left,10000,20000,H
12,4,39.0,left,10000,20000,H
12,5,78.0,right,10000,20000,H
12,6,32.0,right,10000,20000,V
12,7,14.0,left,10000,20000,V
12,8,80.0,left,10000,20000,V
12,9,17.0,left,10000,20000,V
12,10,11.0,right,10000,20000,V
12,11,85.0,left,10000,20000,VH
12,12,22.0,right,10000,20000,VH
12,13,34.0,left,10000,20000,VH
12,14,70.0,left,10000,20000,VH
12,15,76.0,right,10000,20000,VH
12,16,87.0,left,10000,20000,H
12,17,57.0,right,10000,20000,H
12,18,6.0,right,10000,20000,H
12,19,21.0,left,10000,20000,H
12,20,60.0,right,10000,20000,H
12,21,7.0,left,10000,20000,VH
12,22,13.0,left,10000,20000,VH
12,23,4.0,left,10000,20000,VH
12,24,46.0,right,10000,20000,VH
12,25,58.0,left,10000,20000,VH
12,26,56.0,right,10000,20000,V
12,27,41.0,right,10000,20000,V
12,28,8.0,left,10000,20000,V
12,29,50.0,right,10000,20000,V
12,30,44.0,left,10000,20000,V
12,31,42.0,right,10000,20000,H
12,32,36.0,left,10000,20000,H
12,33,54.0,left,10000,20000,H
12,34,45.0,left,10000,20000,H
12,35,24.0,right,10000,20000,H
12,36,10.0,left,10000,20000,VH
12,37,31.0,left,10000,20000,VH
12,38,73.0,right,10000,20000,VH
12,39,49.0,left,10000,20000,VH
12,40,88.0,left,10000,20000,VH
12,41,86.0,right,10000,20000,V
12,42,62.0,left,10000,20000,V
12,43,5.0,left,10000,20000,V
12,44,83.0,right,10000,20000,V
12,45,74.0,left,10000,20000,V
12,46,79.0,right,10000,20000,VH
12,47,40.0,left,10000,20000,VH
12,48,43.0,right,10000,20000,VH
12,49,16.0,right,10000,20000,VH
12,50,25.0,right,10000,20000,VH
12,51,26.0,right,10000,20000,V
12,52,77.0,left,10000,20000,V
12,53,59.0,left,10000,20000,V
12,54,38.0,left,10000,20000,V
12,55,20.0,right,10000,20000,V
12,56,33.0,left,10000,20000,H
12,57,9.0,right,10000,20000,H
12,58,15.0,right,10000,20000,H
12,59,90.0,left,10000,20000,H
12,60,75.0,right,10000,20000,H
12,61,47.0,right,10000,20000,V
12,62,2.0,left,10000,20000,V
12,63,89.0,left,10000,20000,V
12,64,53.0,right,10000,20000,V
12,65,71.0,right,10000,20000,V
12,66,55.0,right,10000,20000,VH
12,67,52.0,left,10000,20000,VH
12,68,67.0,left,10000,20000,VH
12,69,82.0,left,10000,20000,VH
12,70,64.0,left,10000,20000,VH
12,71,84.0,right,10000,20000,H
12,72,30.0,right,10000,20000,H
12,73,69.0,right,10000,20000,H
12,74,63.0,left,10000,20000,H
12,75,81.0,right,10000,20000,H
12,76,68.0,left,10000,20000,V
12,77,23.0,right,10000,20000,V
12,78,65.0,left,10000,20000,V
12,79,35.0,right,10000,20000,V
12,80,29.0,right,10000,20000,V
12,81,48.0,right,10000,20000,H
12,82,51.0,right,10000,20000,H
12,83,12.0,left,10000,20000,H
12,84,18.0,left,10000,20000,H
12,85,27.0,left,10000,20000,H
12,86,61.0,right,10000,20000,VH
12,87,37.0,right,10000,20000,VH
12,88,1.0,right,10000,20000,VH
12,89,28.0,right,10000,20000,VH
12,90,19.0,left,10000,20000,VH
13,1,47.0,right,10000,20000,H
13,2,2.0,right,10000,20000,H
13,3,77.0,left,10000,20000,H
13,4,26.0,left,10000,20000,H
13,5,20.0,right,10000,20000,H
13,6,79.0,left,10000,20000,V
13,7,58.0,right,10000,20000,V
13,8,64.0,right,10000,20000,V
13,9,13.0,left,10000,20000,V
13,10,52.0,right,10000,20000,V
13,11,18.0,left,10000,20000,VH
13,12,15.0,left,10000,20000,VH
13,13,39.0,left,10000,20000,VH
13,14,9.0,left,10000,20000,VH
13,15,66.0,left,10000,20000,VH
13,16,16.0,left,10000,20000,V
13,17,19.0,left,10000,20000,V
13,18,49.0,right,10000,20000,V
13,19,1.0,left,10000,20000,V
13,20,67.0,left,10000,20000,V
13,21,57.0,right,10000,20000,VH
13,22,12.0,right,10000,20000,VH
13,23,3.0,right,10000,20000,VH
13,24,75.0,left,10000,20000,VH
13,25,69.0,left,10000,20000,VH
13,26,50.0,left,10000,20000,H
13,27,17.0,left,10000,20000,H
13,28,74.0,right,10000,20000,H
13,29,62.0,left,10000,20000,H
13,30,56.0,left,10000,20000,H
13,31,38.0,right,10000,20000,H
13,32,44.0,right,10000,20000,H
13,33,23.0,left,10000,20000,H
13,34,35.0,right,10000,20000,H
13,35,8.0,right,10000,20000,H
13,36,4.0,right,10000,20000,V
13,37,73.0,left,10000,20000,V
13,38,10.0,right,10000,20000,V
13,39,85.0,right,10000,20000,V
13,40,46.0,left,10000,20000,V
13,41,60.0,right,10000,20000,VH
13,42,90.0,left,10000,20000,VH
13,43,72.0,right,10000,20000,VH
13,44,36.0,right,10000,20000,VH
13,45,24.0,right,10000,20000,VH
13,46,43.0,right,10000,20000,V
13,47,88.0,left,10000,20000,V
13,48,82.0,right,10000,20000,V
13,49,61.0,right,10000,20000,V
13,50,40.0,right,10000,20000,V
13,51,45.0,left,10000,20000,VH
13,52,30.0,right,10000,20000,VH
13,53,51.0,left,10000,20000,VH
13,54,6.0,left,10000,20000,VH
13,55,84.0,left,10000,20000,VH
13,56,65.0,right,10000,20000,H
13,57,83.0,right,10000,20000,H
13,58,71.0,right,10000,20000,H
13,59,32.0,left,10000,20000,H
13,60,68.0,right,10000,20000,H
13,61,53.0,right,10000,20000,H
13,62,41.0,right,10000,20000,H
13,63,5.0,right,10000,20000,H
13,64,14.0,right,10000,20000,H
13,65,11.0,right,10000,20000,H
13,66,63.0,left,10000,20000,VH
13,67,54.0,left,10000,20000,VH
13,68,42.0,left,10000,20000,VH
13,69,87.0,right,10000,20000,VH
13,70,81.0,right,10000,20000,VH
13,71,76.0,right,10000,20000,V
13,72,22.0,right,10000,20000,V
13,73,28.0,left,10000,20000,V
13,74,34.0,left,10000,20000,V
13,75,25.0,left,10000,20000,V
13,76,78.0,right,10000,20000,VH
13,77,48.0,left,10000,20000,VH
13,78,27.0,left,10000,20000,VH
13,79,33.0,left,10000,20000,VH
13,80,21.0,right,10000,20000,VH
13,81,70.0,left,10000,20000,V
13,82,31.0,left,10000,20000,V
13,83,37.0,left,10000,20000,V
13,84,55.0,left,10000,20000,V
13,85,7.0,right,10000,20000,V
13,86,29.0,right,10000,20000,H
13,87,59.0,left,10000,20000,H
13,88,86.0,right,10000,20000,H
13,89,89.0,left,10000,20000,H
13,90,80.0,left,10000,20000,H
14,1,13.0,right,10000,20000,H
14,2,49.0,left,10000,20000,H
14,3,25.0,right,10000,20000,H
14,4,64.0,left,10000,20000,H
14,5,70.0,left,10000,20000,H
14,6,84.0,left,10000,20000,V
14,7,6.0,left,10000,20000,V
14,8,33.0,left,10000,20000,V
14,9,3.0,right,10000,20000,V
14,10,18.0,right,10000,20000,V
14,11,5.0,left,10000,20000,VH
14,12,86.0,left,10000,20000,VH
14,13,47.0,right,10000,20000,VH
14,14,2.0,left,10000,20000,VH
14,15,65.0,right,10000,20000,VH
14,16,51.0,right,10000,20000,V
14,17,45.0,right,10000,20000,V
14,18,15.0,left,10000,20000,V
14,19,12.0,left,10000,20000,V
14,20,72.0,right,10000,20000,V
14,21,46.0,left,10000,20000,H
14,22,34.0,left,10000,20000,H
14,23,58.0,right,10000,20000,H
14,24,7.0,right,10000,20000,H
14,25,85.0,left,10000,20000,H
14,26,89.0,right,10000,20000,VH
14,27,50.0,left,10000,20000,VH
14,28,29.0,left,10000,20000,VH
14,29,56.0,right,10000,20000,VH
14,30,77.0,left,10000,20000,VH
14,31,21.0,right,10000,20000,V
14,32,54.0,left,10000,20000,V
14,33,87.0,left,10000,20000,V
14,34,42.0,right,10000,20000,V
14,35,48.0,left,10000,20000,V
14,36,14.0,left,10000,20000,VH
14,37,62.0,right,10000,20000,VH
14,38,20.0,left,10000,20000,VH
14,39,41.0,right,10000,20000,VH
14,40,11.0,right,10000,20000,VH
14,41,1.0,left,10000,20000,H
14,42,10.0,right,10000,20000,H
14,43,43.0,left,10000,20000,H
14,44,79.0,right,10000,20000,H
14,45,76.0,right,10000,20000,H
14,46,67.0,left,10000,20000,H
14,47,73.0,right,10000,20000,H
14,48,55.0,left,10000,20000,H
14,49,88.0,right,10000,20000,H
14,50,22.0,left,10000,20000,H
14,51,68.0,left,10000,20000,VH
14,52,74.0,left,10000,20000,VH
14,53,80.0,left,10000,20000,VH
14,54,8.0,right,10000,20000,VH
14,55,38.0,right,10000,20000,VH
14,56,63.0,right,10000,20000,V
14,57,57.0,left,10000,20000,V
14,58,66.0,left,10000,20000,V
14,59,30.0,right,10000,20000,V
14,60,90.0,left,10000,20000,V
14,61,78.0,left,10000,20000,V
14,62,60.0,right,10000,20000,V
14,63,69.0,right,10000,20000,V
14,64,75.0,right,10000,20000,V
14,65,24.0,right,10000,20000,V
14,66,4.0,right,10000,20000,H
14,67,52.0,right,10000,20000,H
14,68,31.0,left,10000,20000,H
14,69,61.0,left,10000,20000,H
14,70,37.0,left,10000,20000,H
14,71,44.0,right,10000,20000,VH
14,72,59.0,right,10000,20000,VH
14,73,83.0,right,10000,20000,VH
14,74,53.0,left,10000,20000,VH
14,75,23.0,right,10000,20000,VH
14,76,26.0,right,10000,20000,VH
14,77,32.0,left,10000,20000,VH
14,78,71.0,left,10000,20000,VH
14,79,17.0,right,10000,20000,VH
14,80,35.0,left,10000,20000,VH
14,81,40.0,left,10000,20000,H
14,82,19.0,right,10000,20000,H
14,83,28.0,left,10000,20000,H
14,84,16.0,right,10000,20000,H
14,85,82.0,right,10000,20000,H
14,86,27.0,right,10000,20000,V
14,87,39.0,right,10000,20000,V
14,88,36.0,left,10000,20000,V
14,89,9.0,right,10000,20000,V
14,90,81.0,left,10000,20000,V
15,1,9.0,left,10000,20000,H
15,2,72.0,right,10000,20000,H
15,3,78.0,right,10000,20000,H
15,4,6.0,right,10000,20000,H
15,5,51.0,right,10000,20000,H
15,6,65.0,right,10000,20000,V
15,7,86.0,right,10000,20000,V
15,8,32.0,right,10000,20000,V
15,9,17.0,right,10000,20000,V
15,10,5.0,right,10000,20000,V
15,11,7.0,right,10000,20000,VH
15,12,34.0,left,10000,20000,VH
15,13,79.0,right,10000,20000,VH
15,14,31.0,left,10000,20000,VH
15,15,16.0,left,10000,20000,VH
15,16,40.0,left,10000,20000,VH
15,17,28.0,left,10000,20000,VH
15,18,49.0,left,10000,20000,VH
15,19,88.0,right,10000,20000,VH
15,20,1.0,right,10000,20000,VH
15,21,20.0,left,10000,20000,V
15,22,41.0,right,10000,20000,V
15,23,47.0,right,10000,20000,V
15,24,77.0,right,10000,20000,V
15,25,2.0,right,10000,20000,V
15,26,90.0,left,10000,20000,H
15,27,84.0,left,10000,20000,H
15,28,3.0,left,10000,20000,H
15,29,54.0,right,10000,20000,H
15,30,57.0,left,10000,20000,H
15,31,23.0,left,10000,20000,V
15,32,38.0,left,10000,20000,V
15,33,83.0,right,10000,20000,V
15,34,14.0,left,10000,20000,V
15,35,44.0,left,10000,20000,V
15,36,46.0,right,10000,20000,VH
15,37,10.0,right,10000,20000,VH
15,38,37.0,right,10000,20000,VH
15,39,43.0,left,10000,20000,VH
15,40,55.0,left,10000,20000,VH
15,41,21.0,right,10000,20000,H
15,42,42.0,left,10000,20000,H
15,43,81.0,right,10000,20000,H
15,44,66.0,right,10000,20000,H
15,45,60.0,right,10000,20000,H
15,46,85.0,left,10000,20000,VH
15,47,58.0,left,10000,20000,VH
15,48,25.0,right,10000,20000,VH
15,49,19.0,right,10000,20000,VH
15,50,22.0,right,10000,20000,VH
15,51,15.0,right,10000,20000,H
15,52,87.0,left,10000,20000,H
15,53,30.0,left,10000,20000,H
15,54,24.0,left,10000,20000,H
15,55,27.0,left,10000,20000,H
15,56,26.0,right,10000,20000,V
15,57,68.0,right,10000,20000,V
15,58,29.0,right,10000,20000,V
15,59,59.0,right,10000,20000,V
15,60,50.0,left,10000,20000,V
15,61,33.0,right,10000,20000,H
15,62,63.0,right,10000,20000,H
15,63,75.0,right,10000,20000,H
15,64,69.0,left,10000,20000,H
15,65,18.0,right,10000,20000,H
15,66,80.0,right,10000,20000,V
15,67,62.0,right,10000,20000,V
15,68,74.0,left,10000,20000,V
15,69,89.0,left,10000,20000,V
15,70,8.0,left,10000,20000,V
15,71,70.0,left,10000,20000,VH
15,72,67.0,left,10000,20000,VH
15,73,13.0,right,10000,20000,VH
15,74,64.0,left,10000,20000,VH
15,75,76.0,left,10000,20000,VH
15,76,12.0,left,10000,20000,H
15,77,36.0,left,10000,20000,H
15,78,39.0,left,10000,20000,H
15,79,45.0,right,10000,20000,H
15,80,48.0,left,10000,20000,H
15,81,11.0,left,10000,20000,V
15,82,35.0,left,10000,20000,V
15,83,56.0,left,10000,20000,V
15,84,53.0,left,10000,20000,V
15,85,71.0,right,10000,20000,V
15,86,4.0,right,10000,20000,VH
15,87,73.0,right,10000,20000,VH
15,88,52.0,left,10000,20000,VH
15,89,61.0,left,10000,20000,VH
15,90,82.0,left,10000,20000,VH
16,1,90.0,right,10000,20000,VH
16,2,51.0,right,10000,20000,VH
16,3,33.0,right,10000,20000,VH
16,4,39.0,left,10000,20000,VH
16,5,24.0,right,10000,20000,VH
16,6,50.0,left,10000,20000,H
16,7,44.0,right,10000,20000,H
16,8,68.0,left,10000,20000,H
16,9,38.0,right,10000,20000,H
16,10,77.0,right,10000,20000,H
16,11,52.0,left,10000,20000,V
16,12,37.0,left,10000,20000,V
16,13,1.0,right,10000,20000,V
16,14,73.0,right,10000,20000,V
16,15,28.0,right,10000,20000,V
16,16,2.0,right,10000,20000,H
16,17,23.0,right,10000,20000,H
16,18,74.0,right,10000,20000,H
16,19,41.0,left,10000,20000,H
16,20,71.0,left,10000,20000,H
16,21,63.0,left,10000,20000,VH
16,22,45.0,right,10000,20000,VH
16,23,66.0,left,10000,20000,VH
16,24,15.0,right,10000,20000,VH
16,25,48.0,left,10000,20000,VH
16,26,40.0,left,10000,20000,V
16,27,13.0,left,10000,20000,V
16,28,46.0,left,10000,20000,V
16,29,85.0,right,10000,20000,V
16,30,67.0,right,10000,20000,V
16,31,7.0,right,10000,20000,V
16,32,64.0,left,10000,20000,V
16,33,58.0,right,10000,20000,V
16,34,49.0,left,10000,20000,V
16,35,82.0,left,10000,20000,V
16,36,14.0,right,10000,20000,H
16,37,35.0,left,10000,20000,H
16,38,47.0,left,10000,20000,H
16,39,89.0,left,10000,20000,H
16,40,11.0,right,10000,20000,H
16,41,18.0,left,10000,20000,VH
16,42,27.0,left,10000,20000,VH
16,43,30.0,left,10000,20000,VH
16,44,84.0,left,10000,20000,VH
16,45,78.0,right,10000,20000,VH
16,46,70.0,left,10000,20000,V
16,47,31.0,left,10000,20000,V
16,48,10.0,right,10000,20000,V
16,49,22.0,right,10000,20000,V
16,50,79.0,right,10000,20000,V
16,51,83.0,left,10000,20000,H
16,52,20.0,right,10000,20000,H
16,53,26.0,left,10000,20000,H
16,54,86.0,right,10000,20000,H
16,55,56.0,left,10000,20000,H
16,56,60.0,left,10000,20000,VH
16,57,69.0,right,10000,20000,VH
16,58,42.0,right,10000,20000,VH
16,59,6.0,left,10000,20000,VH
16,60,81.0,right,10000,20000,VH
16,61,59.0,right,10000,20000,H
16,62,5.0,left,10000,20000,H
16,63,80.0,right,10000,20000,H
16,64,62.0,left,10000,20000,H
16,65,53.0,right,10000,20000,H
16,66,9.0,left,10000,20000,VH
16,67,75.0,left,10000,20000,VH
16,68,12.0,right,10000,20000,VH
16,69,87.0,left,10000,20000,VH
16,70,57.0,right,10000,20000,VH
16,71,19.0,right,10000,20000,V
16,72,16.0,right,10000,20000,V
16,73,34.0,right,10000,20000,V
16,74,4.0,left,10000,20000,V
16,75,55.0,left,10000,20000,V
16,76,65.0,left,10000,20000,H
16,77,17.0,right,10000,20000,H
16,78,29.0,right,10000,20000,H
16,79,8.0,right,10000,20000,H
16,80,32.0,left,10000,20000,H
16,81,72.0,left,10000,20000,VH
16,82,54.0,right,10000,20000,VH
16,83,21.0,left,10000,20000,VH
16,84,36.0,left,10000,20000,VH
16,85,3.0,right,10000,20000,VH
16,86,76.0,right,10000,20000,V
16,87,43.0,left,10000,20000,V
16,88,25.0,right,10000,20000,V
16,89,88.0,left,10000,20000,V
16,90,61.0,left,10000,20000,V
17,1,43.0,left,10000,20000,H
17,2,25.0,right,10000,20000,H
17,3,70.0,right,10000,20000,H
17,4,49.0,left,10000,20000,H
17,5,10.0,left,10000,20000,H
17,6,68.0,right,10000,20000,VH
17,7,83.0,right,10000,20000,VH
17,8,44.0,left,10000,20000,VH
17,9,89.0,left,10000,20000,VH
17,10,65.0,right,10000,20000,VH
17,11,24.0,right,10000,20000,V
17,12,69.0,right,10000,20000,V
17,13,12.0,left,10000,20000,V
17,14,9.0,right,10000,20000,V
17,15,18.0,right,10000,20000,V
17,16,3.0,left,10000,20000,V
17,17,90.0,right,10000,20000,V
17,18,57.0,left,10000,20000,V
17,19,42.0,left,10000,20000,V
17,20,78.0,left,10000,20000,V
17,21,86.0,right,10000,20000,VH
17,22,71.0,right,10000,20000,VH
17,23,41.0,right,10000,20000,VH
17,24,59.0,left,10000,20000,VH
17,25,56.0,left,10000,20000,VH
17,26,1.0,left,10000,20000,H
17,27,76.0,left,10000,20000,H
17,28,82.0,right,10000,20000,H
17,29,58.0,right,10000,20000,H
17,30,28.0,right,10000,20000,H
17,31,84.0,left,10000,20000,V
17,32,75.0,right,10000,20000,V
17,33,15.0,left,10000,20000,V
17,34,51.0,right,10000,20000,V
17,35,21.0,right,10000,20000,V
17,36,34.0,right,10000,20000,H
17,37,46.0,right,10000,20000,H
17,38,52.0,right,10000,20000,H
17,39,37.0,right,10000,20000,H
17,40,19.0,left,10000,20000,H
17,41,20.0,left,10000,20000,VH
17,42,32.0,left,10000,20000,VH
17,43,26.0,right,10000,20000,VH
17,44,23.0,right,10000,20000,VH
17,45,35.0,left,10000,20000,VH
17,46,66.0,right,10000,20000,V
17,47,30.0,left,10000,20000,V
17,48,39.0,left,10000,20000,V
17,49,36.0,right,10000,20000,V
17,50,63.0,left,10000,20000,V
17,51,61.0,left,10000,20000,H
17,52,31.0,left,10000,20000,H
17,53,88.0,left,10000,20000,H
17,54,22.0,left,10000,20000,H
17,55,55.0,left,10000,20000,H
17,56,11.0,right,10000,20000,VH
17,57,53.0,left,10000,20000,VH
17,58,74.0,left,10000,20000,VH
17,59,47.0,left,10000,20000,VH
17,60,80.0,right,10000,20000,VH
17,61,48.0,right,10000,20000,V
17,62,45.0,left,10000,20000,V
17,63,27.0,right,10000,20000,V
17,64,87.0,left,10000,20000,V
17,65,72.0,left,10000,20000,V
17,66,73.0,right,10000,20000,H
17,67,16.0,left,10000,20000,H
17,68,85.0,left,10000,20000,H
17,69,40.0,left,10000,20000,H
17,70,7.0,left,10000,20000,H
17,71,29.0,right,10000,20000,VH
17,72,77.0,right,10000,20000,VH
17,73,38.0,right,10000,20000,VH
17,74,5.0,right,10000,20000,VH
17,75,2.0,left,10000,20000,VH
17,76,6.0,right,10000,20000,V
17,77,33.0,left,10000,20000,V
17,78,81.0,right,10000,20000,V
17,79,54.0,right,10000,20000,V
17,80,60.0,left,10000,20000,V
17,81,14.0,right,10000,20000,VH
17,82,8.0,left,10000,20000,VH
17,83,17.0,right,10000,20000,VH
17,84,50.0,right,10000,20000,VH
17,85,62.0,right,10000,20000,VH
17,86,4.0,right,10000,20000,H
17,87,67.0,left,10000,20000,H
17,88,79.0,left,10000,20000,H
17,89,64.0,left,10000,20000,H
17,90,13.0,right,10000,20000,H
18,1,64.0,right,10000,20000,VH
18,2,73.0,right,10000,20000,VH
18,3,28.0,right,10000,20000,VH
18,4,10.0,right,10000,20000,VH
18,5,31.0,left,10000,20000,VH
18,6,47.0,right,10000,20000,V
18,7,14.0,left,10000,20000,V
18,8,65.0,right,10000,20000,V
18,9,41.0,left,10000,20000,V
18,10,71.0,left,10000,20000,V
18,11,81.0,left,10000,20000,H
18,12,15.0,right,10000,20000,H
18,13,48.0,right,10000,20000,H
18,14,87.0,right,10000,20000,H
18,15,51.0,left,10000,20000,H
18,16,17.0,right,10000,20000,V
18,17,74.0,right,10000,20000,V
18,18,26.0,right,10000,20000,V
18,19,68.0,right,10000,20000,V
18,20,86.0,left,10000,20000,V
18,21,66.0,left,10000,20000,H
18,22,18.0,right,10000,20000,H
18,23,90.0,right,10000,20000,H
18,24,6.0,left,10000,20000,H
18,25,75.0,right,10000,20000,H
18,26,43.0,left,10000,20000,VH
18,27,34.0,left,10000,20000,VH
18,28,22.0,right,10000,20000,VH
18,29,37.0,left,10000,20000,VH
18,30,7.0,right,10000,20000,VH
18,31,30.0,right,10000,20000,H
18,32,36.0,left,10000,20000,H
18,33,27.0,left,10000,20000,H
18,34,9.0,right,10000,20000,H
18,35,3.0,left,10000,20000,H
18,36,11.0,right,10000,20000,V
18,37,83.0,left,10000,20000,V
18,38,20.0,left,10000,20000,V
18,39,29.0,left,10000,20000,V
18,40,44.0,right,10000,20000,V
18,41,61.0,right,10000,20000,VH
18,42,58.0,left,10000,20000,VH
18,43,85.0,right,10000,20000,VH
18,44,13.0,right,10000,20000,VH
18,45,52.0,left,10000,20000,VH
18,46,42.0,left,10000,20000,H
18,47,63.0,right,10000,20000,H
18,48,54.0,left,10000,20000,H
18,49,78.0,right,10000,20000,H
18,50,69.0,left,10000,20000,H
18,51,1.0,right,10000,20000,VH
18,52,46.0,left,10000,20000,VH
18,53,25.0,left,10000,20000,VH
18,54,49.0,right,10000,20000,VH
18,55,76.0,left,10000,20000,VH
18,56,2.0,right,10000,20000,V
18,57,56.0,right,10000,20000,V
18,58,62.0,left,10000,20000,V
18,59,32.0,right,10000,20000,V
18,60,77.0,left,10000,20000,V
18,61,89.0,left,10000,20000,V
18,62,23.0,right,10000,20000,V
18,63,5.0,left,10000,20000,V
18,64,50.0,right,10000,20000,V
18,65,8.0,right,10000,20000,V
18,66,21.0,left,10000,20000,H
18,67,57.0,left,10000,20000,H
18,68,24.0,right,10000,20000,H
18,69,39.0,right,10000,20000,H
18,70,84.0,left,10000,20000,H
18,71,55.0,left,10000,20000,VH
18,72,16.0,right,10000,20000,VH
18,73,4.0,left,10000,20000,VH
18,74,88.0,left,10000,20000,VH
18,75,19.0,right,10000,20000,VH
18,76,80.0,left,10000,20000,V
18,77,59.0,right,10000,20000,V
18,78,53.0,right,10000,20000,V
18,79,38.0,right,10000,20000,V
18,80,35.0,left,10000,20000,V
18,81,33.0,left,10000,20000,H
18,82,60.0,right,10000,20000,H
18,83,12.0,left,10000,20000,H
18,84,72.0,right,10000,20000,H
18,85,45.0,left,10000,20000,H
18,86,82.0,left,10000,20000,VH
18,87,67.0,left,10000,20000,VH
18,88,79.0,left,10000,20000,VH
18,89,70.0,right,10000,20000,VH
18,90,40.0,left,10000,20000,VH
19,1,76.0,right,10000,20000,V
19,2,34.0,left,10000,20000,V
19,3,1.0,left,10000,20000,V
19,4,7.0,right,10000,20000,V
19,5,61.0,left,10000,20000,V
19,6,51.0,right,10000,20000,VH
19,7,84.0,left,10000,20000,VH
19,8,36.0,right,10000,20000,VH
19,9,63.0,right,10000,20000,VH
19,10,3.0,left,10000,20000,VH
19,11,20.0,left,10000,20000,H
19,12,62.0,left,10000,20000,H
19,13,89.0,left,10000,20000,H
19,14,53.0,left,10000,20000,H
19,15,74.0,left,10000,20000,H
19,16,14.0,left,10000,20000,H
19,17,8.0,right,10000,20000,H
19,18,65.0,left,10000,20000,H
19,19,29.0,right,10000,20000,H
19,20,5.0,left,10000,20000,H
19,21,48.0,left,10000,20000,VH
19,22,69.0,right,10000,20000,VH
19,23,87.0,left,10000,20000,VH
19,24,45.0,right,10000,20000,VH
19,25,81.0,left,10000,20000,VH
19,26,52.0,right,10000,20000,V
19,27,49.0,right,10000,20000,V
19,28,4.0,right,10000,20000,V
19,29,73.0,left,10000,20000,V
19,30,19.0,right,10000,20000,V
19,31,54.0,left,10000,20000,VH
19,32,12.0,left,10000,20000,VH
19,33,78.0,right,10000,20000,VH
19,34,90.0,left,10000,20000,VH
19,35,33.0,left,10000,20000,VH
19,36,82.0,right,10000,20000,V
19,37,67.0,right,10000,20000,V
19,38,79.0,left,10000,20000,V
19,39,43.0,left,10000,20000,V
19,40,46.0,right,10000,20000,V
19,41,77.0,left,10000,20000,H
19,42,2.0,right,10000,20000,H
19,43,35.0,left,10000,20000,H
19,44,26.0,right,10000,20000,H
19,45,11.0,right,10000,20000,H
19,46,80.0,left,10000,20000,H
19,47,71.0,right,10000,20000,H
19,48,56.0,left,10000,20000,H
19,49,86.0,left,10000,20000,H
19,50,44.0,left,10000,20000,H
19,51,40.0,right,10000,20000,V
19,52,37.0,right,10000,20000,V
19,53,58.0,right,10000,20000,V
19,54,16.0,right,10000,20000,V
19,55,28.0,right,10000,20000,V
19,56,42.0,right,10000,20000,VH
19,57,30.0,right,10000,20000,VH
19,58,75.0,left,10000,20000,VH
19,59,15.0,right,10000,20000,VH
19,60,27.0,right,10000,20000,VH
19,61,31.0,left,10000,20000,V
19,62,64.0,right,10000,20000,V
19,63,88.0,right,10000,20000,V
19,64,55.0,left,10000,20000,V
19,65,22.0,left,10000,20000,V
19,66,41.0,right,10000,20000,H
19,67,83.0,left,10000,20000,H
19,68,38.0,left,10000,20000,H
19,69,32.0,right,10000,20000,H
19,70,47.0,left,10000,20000,H
19,71,9.0,left,10000,20000,VH
19,72,57.0,right,10000,20000,VH
19,73,60.0,right,10000,20000,VH
19,74,72.0,left,10000,20000,VH
19,75,18.0,left,10000,20000,VH
19,76,39.0,left,10000,20000,VH
19,77,6.0,left,10000,20000,VH
19,78,21.0,right,10000,20000,VH
19,79,24.0,right,10000,20000,VH
19,80,66.0,left,10000,20000,VH
19,81,10.0,left,10000,20000,V
19,82,85.0,right,10000,20000,V
19,83,25.0,right,10000,20000,V
19,84,70.0,right,10000,20000,V
19,85,13.0,left,10000,20000,V
19,86,23.0,right,10000,20000,H
19,87,59.0,right,10000,20000,H
19,88,68.0,left,10000,20000,H
19,89,17.0,right,10000,20000,H
19,90,50.0,right,10000,20000,H
20,1,12.0,right,10000,20000,V
20,2,84.0,left,10000,20000,V
20,3,15.0,right,10000,20000,V
20,4,39.0,right,10000,20000,V
20,5,6.0,right,10000,20000,V
20,6,58.0,left,10000,20000,H
20,7,40.0,left,10000,20000,H
20,8,46.0,right,10000,20000,H
20,9,13.0,right,10000,20000,H
20,10,49.0,left,10000,20000,H
20,11,80.0,right,10000,20000,VH
20,12,56.0,right,10000,20000,VH
20,13,5.0,left,10000,20000,VH
20,14,29.0,right,10000,20000,VH
20,15,14.0,right,10000,20000,VH
20,16,4.0,right,10000,20000,H
20,17,64.0,right,10000,20000,H
20,18,16.0,right,10000,20000,H
20,19,76.0,left,10000,20000,H
20,20,43.0,left,10000,20000,H
20,21,75.0,left,10000,20000,V
20,22,69.0,left,10000,20000,V
20,23,42.0,right,10000,20000,V
20,24,21.0,right,10000,20000,V
20,25,90.0,left,10000,20000,V
20,26,77.0,left,10000,20000,VH
20,27,68.0,left,10000,20000,VH
20,28,50.0,left,10000,20000,VH
20,29,17.0,right,10000,20000,VH
20,30,20.0,left,10000,20000,VH
20,31,44.0,right,10000,20000,VH
20,32,74.0,right,10000,20000,VH
20,33,83.0,left,10000,20000,VH
20,34,62.0,right,10000,20000,VH
20,35,26.0,right,10000,20000,VH
20,36,63.0,right,10000,20000,V
20,37,27.0,left,10000,20000,V
20,38,30.0,right,10000,20000,V
20,39,3.0,left,10000,20000,V
20,40,36.0,left,10000,20000,V
20,41,73.0,right,10000,20000,H
20,42,82.0,right,10000,20000,H
20,43,52.0,right,10000,20000,H
20,44,1.0,right,10000,20000,H
20,45,31.0,right,10000,20000,H
20,46,9.0,right,10000,20000,V
20,47,48.0,left,10000,20000,V
20,48,66.0,right,10000,20000,V
20,49,24.0,left,10000,20000,V
20,50,60.0,left,10000,20000,V
20,51,55.0,left,10000,20000,H
20,52,37.0,right,10000,20000,H
20,53,22.0,left,10000,20000,H
20,54,88.0,left,10000,20000,H
20,55,25.0,right,10000,20000,H
20,56,23.0,left,10000,20000,VH
20,57,11.0,right,10000,20000,VH
20,58,35.0,left,10000,20000,VH
20,59,53.0,left,10000,20000,VH
20,60,86.0,right,10000,20000,VH
20,61,65.0,right,10000,20000,VH
20,62,59.0,right,10000,20000,VH
20,63,32.0,left,10000,20000,VH
20,64,47.0,left,10000,20000,VH
20,65,2.0,left,10000,20000,VH
20,66,28.0,left,10000,20000,H
20,67,67.0,right,10000,20000,H
20,68,7.0,left,10000,20000,H
20,69,61.0,right,10000,20000,H
20,70,19.0,left,10000,20000,H
20,71,54.0,right,10000,20000,V
20,72,81.0,left,10000,20000,V
20,73,45.0,right,10000,20000,V
20,74,78.0,left,10000,20000,V
20,75,33.0,right,10000,20000,V
20,76,89.0,left,10000,20000,VH
20,77,71.0,right,10000,20000,VH
20,78,41.0,left,10000,20000,VH
20,79,38.0,left,10000,20000,VH
20,80,8.0,left,10000,20000,VH
20,81,79.0,left,10000,20000,H
20,82,10.0,right,10000,20000,H
20,83,70.0,right,10000,20000,H
20,84,85.0,left,10000,20000,H
20,85,34.0,left,10000,20000,H
20,86,72.0,left,10000,20000,V
20,87,51.0,right,10000,20000,V
20,88,18.0,left,10000,20000,V
20,89,87.0,right,10000,20000,V
20,90,57.0,left,10000,20000,V
21,1,5.0,right,10000,20000,V
21,2,56.0,right,10000,20000,V
21,3,71.0,left,10000,20000,V
21,4,53.0,left,10000,20000,V
21,5,2.0,left,10000,20000,V
21,6,72.0,left,10000,20000,H
21,7,12.0,left,10000,20000,H
21,8,9.0,left,10000,20000,H
21,9,42.0,right,10000,20000,H
21,10,60.0,right,10000,20000,H
21,11,67.0,left,10000,20000,VH
21,12,19.0,right,10000,20000,VH
21,13,16.0,left,10000,20000,VH
21,14,31.0,right,10000,20000,VH
21,15,58.0,right,10000,20000,VH
21,16,70.0,left,10000,20000,VH
21,17,25.0,right,10000,20000,VH
21,18,88.0,right,10000,20000,VH
21,19,79.0,right,10000,20000,VH
21,20,55.0,right,10000,20000,VH
21,21,24.0,left,10000,20000,H
21,22,36.0,right,10000,20000,H
21,23,66.0,right,10000,20000,H
21,24,63.0,left,10000,20000,H
21,25,39.0,left,10000,20000,H
21,26,29.0,right,10000,20000,V
21,27,20.0,right,10000,20000,V
21,28,50.0,right,10000,20000,V
21,29,35.0,right,10000,20000,V
21,30,38.0,right,10000,20000,V
21,31,54.0,right,10000,20000,H
21,32,90.0,left,10000,20000,H
21,33,57.0,left,10000,20000,H
21,34,45.0,right,10000,20000,H
21,35,84.0,right,10000,20000,H
21,36,26.0,right,10000,20000,V
21,37,8.0,left,10000,20000,V
21,38,14.0,right,10000,20000,V
21,39,23.0,left,10000,20000,V
21,40,77.0,left,10000,20000,V
21,41,76.0,left,10000,20000,VH
21,42,4.0,left,10000,20000,VH
21,43,1.0,left,10000,20000,VH
21,44,10.0,right,10000,20000,VH
21,45,52.0,right,10000,20000,VH
21,46,44.0,left,10000,20000,V
21,47,74.0,left,10000,20000,V
21,48,41.0,left,10000,20000,V
21,49,17.0,right,10000,20000,V
21,50,62.0,left,10000,20000,V
21,51,34.0,right,10000,20000,VH
21,52,37.0,right,10000,20000,VH
21,53,28.0,left,10000,20000,VH
21,54,82.0,left,10000,20000,VH
21,55,7.0,right,10000,20000,VH
21,56,30.0,left,10000,20000,H
21,57,78.0,right,10000,20000,H
21,58,21.0,right,10000,20000,H
21,59,48.0,left,10000,20000,H
21,60,3.0,left,10000,20000,H
21,61,75.0,left,10000,20000,H
21,62,6.0,right,10000,20000,H
21,63,81.0,right,10000,20000,H
21,64,51.0,right,10000,20000,H
21,65,87.0,right,10000,20000,H
21,66,68.0,right,10000,20000,V
21,67,80.0,left,10000,20000,V
21,68,65.0,right,10000,20000,V
21,69,59.0,left,10000,20000,V
21,70,83.0,left,10000,20000,V
21,71,43.0,left,10000,20000,VH
21,72,49.0,right,10000,20000,VH
21,73,13.0,left,10000,20000,VH
21,74,85.0,left,10000,20000,VH
21,75,64.0,left,10000,20000,VH
21,76,33.0,right,10000,20000,H
21,77,69.0,right,10000,20000,H
21,78,15.0,right,10000,20000,H
21,79,27.0,left,10000,20000,H
21,80,18.0,right,10000,20000,H
21,81,22.0,right,10000,20000,VH
21,82,73.0,right,10000,20000,VH
21,83,61.0,left,10000,20000,VH
21,84,40.0,left,10000,20000,VH
21,85,46.0,left,10000,20000,VH
21,86,47.0,right,10000,20000,V
21,87,32.0,left,10000,20000,V
21,88,86.0,left,10000,20000,V
21,89,11.0,left,10000,20000,V
21,90,89.0,left,10000,20000,V
22,1,84.0,left,10000,20000,VH
22,2,12.0,right,10000,20000,VH
22,3,24.0,left,10000,20000,VH
22,4,48.0,right,10000,20000,VH
22,5,87.0,right,10000,20000,VH
22,6,28.0,left,10000,20000,V
22,7,61.0,left,10000,20000,V
22,8,1.0,left,10000,20000,V
22,9,43.0,left,10000,20000,V
22,10,46.0,right,10000,20000,V
22,11,62.0,right,10000,20000,H
22,12,59.0,right,10000,20000,H
22,13,38.0,right,10000,20000,H
22,14,29.0,left,10000,20000,H
22,15,35.0,right,10000,20000,H
22,16,51.0,left,10000,20000,VH
22,17,81.0,left,10000,20000,VH
22,18,18.0,right,10000,20000,VH
22,19,39.0,left,10000,20000,VH
22,20,3.0,right,10000,20000,VH
22,21,34.0,left,10000,20000,V
22,22,49.0,left,10000,20000,V
22,23,4.0,right,10000,20000,V
22,24,13.0,left,10000,20000,V
22,25,37.0,left,10000,20000,V
22,26,32.0,left,10000,20000,H
22,27,20.0,left,10000,20000,H
22,28,11.0,left,10000,20000,H
22,29,5.0,right,10000,20000,H
22,30,8.0,right,10000,20000,H
22,31,89.0,right,10000,20000,H
22,32,68.0,left,10000,20000,H
22,33,86.0,left,10000,20000,H
22,34,53.0,left,10000,20000,H
22,35,44.0,left,10000,20000,H
22,36,30.0,right,10000,20000,VH
22,37,78.0,right,10000,20000,VH
22,38,15.0,left,10000,20000,VH
22,39,66.0,left,10000,20000,VH
22,40,72.0,right,10000,20000,VH
22,41,25.0,right,10000,20000,V
22,42,73.0,right,10000,20000,V
22,43,7.0,left,10000,20000,V
22,44,82.0,left,10000,20000,V
22,45,76.0,left,10000,20000,V
22,46,33.0,right,10000,20000,VH
22,47,36.0,left,10000,20000,VH
22,48,75.0,right,10000,20000,VH
22,49,45.0,left,10000,20000,VH
22,50,27.0,left,10000,20000,VH
22,51,10.0,right,10000,20000,V
22,52,85.0,right,10000,20000,V
22,53,22.0,right,10000,20000,V
22,54,52.0,right,10000,20000,V
22,55,19.0,left,10000,20000,V
22,56,77.0,right,10000,20000,H
22,57,47.0,right,10000,20000,H
22,58,65.0,left,10000,20000,H
22,59,14.0,right,10000,20000,H
22,60,80.0,left,10000,20000,H
22,61,67.0,left,10000,20000,V
22,62,70.0,right,10000,20000,V
22,63,64.0,right,10000,20000,V
22,64,31.0,left,10000,20000,V
22,65,16.0,left,10000,20000,V
22,66,42.0,right,10000,20000,VH
22,67,60.0,left,10000,20000,VH
22,68,6.0,left,10000,20000,VH
22,69,54.0,right,10000,20000,VH
22,70,21.0,right,10000,20000,VH
22,71,71.0,right,10000,20000,H
22,72,74.0,right,10000,20000,H
22,73,2.0,right,10000,20000,H
22,74,83.0,right,10000,20000,H
22,75,56.0,left,10000,20000,H
22,76,90.0,left,10000,20000,VH
22,77,9.0,left,10000,20000,VH
22,78,57.0,left,10000,20000,VH
22,79,69.0,right,10000,20000,VH
22,80,63.0,right,10000,20000,VH
22,81,88.0,right,10000,20000,V
22,82,58.0,left,10000,20000,V
22,83,40.0,left,10000,20000,V
22,84,79.0,right,10000,20000,V
22,85,55.0,left,10000,20000,V
22,86,17.0,right,10000,20000,H
22,87,26.0,right,10000,20000,H
22,88,50.0,right,10000,20000,H
22,89,23.0,right,10000,20000,H
22,90,41.0,left,10000,20000,H
23,1,37.0,right,10000,20000,H
23,2,19.0,right,10000,20000,H
23,3,82.0,left,10000,20000,H
23,4,25.0,left,10000,20000,H
23,5,79.0,left,10000,20000,H
23,6,27.0,left,10000,20000,V
23,7,87.0,right,10000,20000,V
23,8,42.0,left,10000,20000,V
23,9,90.0,right,10000,20000,V
23,10,54.0,left,10000,20000,V
23,11,62.0,left,10000,20000,VH
23,12,80.0,right,10000,20000,VH
23,13,11.0,right,10000,20000,VH
23,14,26.0,left,10000,20000,VH
23,15,17.0,left,10000,20000,VH
23,16,20.0,right,10000,20000,VH
23,17,29.0,right,10000,20000,VH
23,18,44.0,right,10000,20000,VH
23,19,53.0,left,10000,20000,VH
23,20,83.0,right,10000,20000,VH
23,21,7.0,right,10000,20000,H
23,22,49.0,right,10000,20000,H
23,23,34.0,right,10000,20000,H
23,24,61.0,right,10000,20000,H
23,25,13.0,right,10000,20000,H
23,26,69.0,right,10000,20000,V
23,27,60.0,left,10000,20000,V
23,28,63.0,right,10000,20000,V
23,29,81.0,left,10000,20000,V
23,30,45.0,left,10000,20000,V
23,31,40.0,right,10000,20000,H
23,32,28.0,left,10000,20000,H
23,33,55.0,right,10000,20000,H
23,34,46.0,right,10000,20000,H
23,35,10.0,left,10000,20000,H
23,36,66.0,right,10000,20000,V
23,37,21.0,left,10000,20000,V
23,38,9.0,right,10000,20000,V
23,39,15.0,left,10000,20000,V
23,40,33.0,right,10000,20000,V
23,41,71.0,left,10000,20000,VH
23,42,2.0,right,10000,20000,VH
23,43,89.0,right,10000,20000,VH
23,44,74.0,left,10000,20000,VH
23,45,32.0,left,10000,20000,VH
23,46,14.0,right,10000,20000,VH
23,47,50.0,left,10000,20000,VH
23,48,68.0,right,10000,20000,VH
23,49,5.0,right,10000,20000,VH
23,50,56.0,left,10000,20000,VH
23,51,16.0,right,10000,20000,H
23,52,31.0,left,10000,20000,H
23,53,64.0,left,10000,20000,H
23,54,88.0,left,10000,20000,H
23,55,73.0,right,10000,20000,H
23,56,78.0,left,10000,20000,V
23,57,72.0,left,10000,20000,V
23,58,12.0,right,10000,20000,V
23,59,18.0,left,10000,20000,V
23,60,57.0,right,10000,20000,V
23,61,41.0,right,10000,20000,VH
23,62,77.0,left,10000,20000,VH
23,63,23.0,left,10000,20000,VH
23,64,59.0,left,10000,20000,VH
23,65,38.0,right,10000,20000,VH
23,66,30.0,left,10000,20000,V
23,67,48.0,right,10000,20000,V
23,68,36.0,left,10000,20000,V
23,69,6.0,right,10000,20000,V
23,70,51.0,right,10000,20000,V
23,71,1.0,left,10000,20000,H
23,72,70.0,right,10000,20000,H
23,73,43.0,left,10000,20000,H
23,74,67.0,left,10000,20000,H
23,75,4.0,right,10000,20000,H
23,76,58.0,right,10000,20000,H
23,77,52.0,left,10000,20000,H
23,78,76.0,left,10000,20000,H
23,79,22.0,left,10000,20000,H
23,80,85.0,right,10000,20000,H
23,81,75.0,right,10000,20000,V
23,82,84.0,left,10000,20000,V
23,83,3.0,left,10000,20000,V
23,84,39.0,left,10000,20000,V
23,85,24.0,left,10000,20000,V
23,86,86.0,left,10000,20000,VH
23,87,47.0,right,10000,20000,VH
23,88,65.0,right,10000,20000,VH
23,89,8.0,left,10000,20000,VH
23,90,35.0,right,10000,20000,VH
24,1,62.0,left,10000,20000,V
24,2,29.0,left,10000,20000,V
24,3,59.0,right,10000,20000,V
24,4,17.0,left,10000,20000,V
24,5,32.0,left,10000,20000,V
24,6,39.0,right,10000,20000,H
24,7,51.0,left,10000,20000,H
24,8,36.0,right,10000,20000,H
24,9,84.0,left,10000,20000,H
24,10,90.0,left,10000,20000,H
24,11,28.0,right,10000,20000,VH
24,12,73.0,right,10000,20000,VH
24,13,4.0,right,10000,20000,VH
24,14,64.0,left,10000,20000,VH
24,15,19.0,left,10000,20000,VH
24,16,30.0,left,10000,20000,H
24,17,81.0,left,10000,20000,H
24,18,54.0,right,10000,20000,H
24,19,69.0,left,10000,20000,H
24,20,75.0,left,10000,20000,H
24,21,44.0,right,10000,20000,V
24,22,71.0,right,10000,20000,V
24,23,23.0,left,10000,20000,V
24,24,2.0,left,10000,20000,V
24,25,65.0,right,10000,20000,V
24,26,31.0,right,10000,20000,VH
24,27,16.0,right,10000,20000,VH
24,28,1.0,left,10000,20000,VH
24,29,10.0,right,10000,20000,VH
24,30,58.0,left,10000,20000,VH
24,31,88.0,right,10000,20000,VH
24,32,13.0,right,10000,20000,VH
24,33,85.0,right,10000,20000,VH
24,34,46.0,right,10000,20000,VH
24,35,52.0,right,10000,20000,VH
24,36,83.0,left,10000,20000,V
24,37,80.0,right,10000,20000,V
24,38,68.0,left,10000,20000,V
24,39,5.0,right,10000,20000,V
24,40,26.0,right,10000,20000,V
24,41,63.0,right,10000,20000,H
24,42,72.0,left,10000,20000,H
24,43,9.0,right,10000,20000,H
24,44,27.0,right,10000,20000,H
24,45,87.0,left,10000,20000,H
24,46,14.0,right,10000,20000,V
24,47,50.0,right,10000,20000,V
24,48,20.0,right,10000,20000,V
24,49,56.0,left,10000,20000,V
24,50,35.0,right,10000,20000,V
24,51,66.0,right,10000,20000,H
24,52,15.0,left,10000,20000,H
24,53,33.0,right,10000,20000,H
24,54,42.0,left,10000,20000,H
24,55,6.0,right,10000,20000,H
24,56,82.0,left,10000,20000,VH
24,57,79.0,right,10000,20000,VH
24,58,25.0,left,10000,20000,VH
24,59,34.0,right,10000,20000,VH
24,60,40.0,right,10000,20000,VH
24,61,38.0,right,10000,20000,V
24,62,77.0,left,10000,20000,V
24,63,89.0,right,10000,20000,V
24,64,86.0,left,10000,20000,V
24,65,47.0,right,10000,20000,V
24,66,24.0,left,10000,20000,H
24,67,12.0,left,10000,20000,H
24,68,78.0,left,10000,20000,H
24,69,57.0,right,10000,20000,H
24,70,21.0,left,10000,20000,H
24,71,55.0,left,10000,20000,VH
24,72,49.0,right,10000,20000,VH
24,73,76.0,left,10000,20000,VH
24,74,22.0,left,10000,20000,VH
24,75,43.0,left,10000,20000,VH
24,76,48.0,left,10000,20000,H
24,77,18.0,left,10000,20000,H
24,78,45.0,right,10000,20000,H
24,79,60.0,right,10000,20000,H
24,80,3.0,left,10000,20000,H
24,81,70.0,right,10000,20000,VH
24,82,7.0,left,10000,20000,VH
24,83,67.0,left,10000,20000,VH
24,84,37.0,left,10000,20000,VH
24,85,61.0,right,10000,20000,VH
24,86,11.0,right,10000,20000,V
24,87,74.0,right,10000,20000,V
24,88,8.0,left,10000,20000,V
24,89,41.0,left,10000,20000,V
24,90,53.0,left,10000,20000,V
25,1,14.0,right,10000,20000,H
25,2,41.0,left,10000,20000,H
25,3,68.0,left,10000,20000,H
25,4,77.0,left,10000,20000,H
25,5,8.0,left,10000,20000,H
25,6,13.0,left,10000,20000,V
25,7,40.0,right,10000,20000,V
25,8,49.0,left,10000,20000,V
25,9,76.0,right,10000,20000,V
25,10,22.0,right,10000,20000,V
25,11,21.0,left,10000,20000,VH
25,12,42.0,left,10000,20000,VH
25,13,60.0,right,10000,20000,VH
25,14,75.0,left,10000,20000,VH
25,15,6.0,right,10000,20000,VH
25,16,31.0,right,10000,20000,V
25,17,1.0,left,10000,20000,V
25,18,37.0,right,10000,20000,V
25,19,10.0,right,10000,20000,V
25,20,43.0,right,10000,20000,V
25,21,47.0,left,10000,20000,H
25,22,65.0,right,10000,20000,H
25,23,50.0,right,10000,20000,H
25,24,59.0,left,10000,20000,H
25,25,11.0,left,10000,20000,H
25,26,87.0,right,10000,20000,VH
25,27,57.0,left,10000,20000,VH
25,28,39.0,right,10000,20000,VH
25,29,72.0,right,10000,20000,VH
25,30,36.0,left,10000,20000,VH
25,31,55.0,left,10000,20000,V
25,32,79.0,left,10000,20000,V
25,33,67.0,right,10000,20000,V
25,34,58.0,right,10000,20000,V
25,35,64.0,right,10000,20000,V
25,36,83.0,right,10000,20000,H
25,37,35.0,left,10000,20000,H
25,38,80.0,left,10000,20000,H
25,39,86.0,right,10000,20000,H
25,40,26.0,left,10000,20000,H
25,41,27.0,left,10000,20000,VH
25,42,9.0,right,10000,20000,VH
25,43,12.0,left,10000,20000,VH
25,44,66.0,right,10000,20000,VH
25,45,18.0,left,10000,20000,VH
25,46,48.0,left,10000,20000,VH
25,47,81.0,right,10000,20000,VH
25,48,45.0,right,10000,20000,VH
25,49,69.0,right,10000,20000,VH
25,50,30.0,left,10000,20000,VH
25,51,44.0,left,10000,20000,H
25,52,62.0,left,10000,20000,H
25,53,56.0,right,10000,20000,H
25,54,20.0,left,10000,20000,H
25,55,29.0,right,10000,20000,H
25,56,85.0,left,10000,20000,V
25,57,19.0,right,10000,20000,V
25,58,82.0,left,10000,20000,V
25,59,70.0,right,10000,20000,V
25,60,7.0,right,10000,20000,V
25,61,28.0,left,10000,20000,V
25,62,88.0,left,10000,20000,V
25,63,46.0,right,10000,20000,V
25,64,52.0,left,10000,20000,V
25,65,4.0,left,10000,20000,V
25,66,53.0,left,10000,20000,H
25,67,23.0,right,10000,20000,H
25,68,2.0,right,10000,20000,H
25,69,74.0,right,10000,20000,H
25,70,5.0,right,10000,20000,H
25,71,63.0,left,10000,20000,VH
25,72,51.0,right,10000,20000,VH
25,73,15.0,right,10000,20000,VH
25,74,33.0,right,10000,20000,VH
25,75,24.0,left,10000,20000,VH
25,76,71.0,left,10000,20000,H
25,77,89.0,left,10000,20000,H
25,78,32.0,right,10000,20000,H
25,79,38.0,right,10000,20000,H
25,80,17.0,right,10000,20000,H
25,81,73.0,left,10000,20000,V
25,82,16.0,left,10000,20000,V
25,83,61.0,left,10000,20000,V
25,84,34.0,left,10000,20000,V
25,85,25.0,right,10000,20000,V
25,86,3.0,left,10000,20000,VH
25,87,90.0,left,10000,20000,VH
25,88,54.0,right,10000,20000,VH
25,89,84.0,right,10000,20000,VH
25,90,78.0,right,10000,20000,VH
26,1,31.0,right,10000,20000,H
26,2,76.0,right,10000,20000,H
26,3,28.0,right,10000,20000,H
26,4,61.0,right,10000,20000,H
26,5,64.0,right,10000,20000,H
26,6,33.0,left,10000,20000,V
26,7,15.0,right,10000,20000,V
26,8,51.0,right,10000,20000,V
26,9,69.0,right,10000,20000,V
26,10,3.0,right,10000,20000,V
26,11,2.0,right,10000,20000,VH
26,12,26.0,right,10000,20000,VH
26,13,5.0,right,10000,20000,VH
26,14,8.0,right,10000,20000,VH
26,15,20.0,left,10000,20000,VH
26,16,55.0,left,10000,20000,H
26,17,67.0,right,10000,20000,H
26,18,79.0,left,10000,20000,H
26,19,82.0,right,10000,20000,H
26,20,70.0,right,10000,20000,H
26,21,75.0,left,10000,20000,V
26,22,24.0,right,10000,20000,V
26,23,78.0,left,10000,20000,V
26,24,45.0,right,10000,20000,V
26,25,87.0,right,10000,20000,V
26,26,59.0,left,10000,20000,VH
26,27,44.0,left,10000,20000,VH
26,28,23.0,left,10000,20000,VH
26,29,83.0,left,10000,20000,VH
26,30,38.0,left,10000,20000,VH
26,31,74.0,right,10000,20000,VH
26,32,17.0,right,10000,20000,VH
26,33,71.0,left,10000,20000,VH
26,34,65.0,left,10000,20000,VH
26,35,68.0,right,10000,20000,VH
26,36,13.0,left,10000,20000,H
26,37,88.0,left,10000,20000,H
26,38,58.0,right,10000,20000,H
26,39,22.0,left,10000,20000,H
26,40,25.0,left,10000,20000,H
26,41,6.0,left,10000,20000,V
26,42,12.0,left,10000,20000,V
26,43,27.0,left,10000,20000,V
26,44,21.0,left,10000,20000,V
26,45,57.0,left,10000,20000,V
26,46,42.0,right,10000,20000,V
26,47,63.0,right,10000,20000,V
26,48,66.0,left,10000,20000,V
26,49,39.0,left,10000,20000,V
26,50,36.0,right,10000,20000,V
26,51,1.0,left,10000,20000,H
26,52,10.0,right,10000,20000,H
26,53,46.0,right,10000,20000,H
26,54,37.0,left,10000,20000,H
26,55,43.0,left,10000,20000,H
26,56,11.0,right,10000,20000,VH
26,57,77.0,left,10000,20000,VH
26,58,89.0,right,10000,20000,VH
26,59,50.0,left,10000,20000,VH
26,60,56.0,left,10000,20000,VH
26,61,34.0,right,10000,20000,H
26,62,73.0,right,10000,20000,H
26,63,4.0,right,10000,20000,H
26,64,7.0,left,10000,20000,H
26,65,85.0,left,10000,20000,H
26,66,60.0,right,10000,20000,V
26,67,9.0,right,10000,20000,V
26,68,18.0,right,10000,20000,V
26,69,72.0,right,10000,20000,V
26,70,54.0,left,10000,20000,V
26,71,86.0,right,10000,20000,VH
26,72,80.0,right,10000,20000,VH
26,73,35.0,left,10000,20000,VH
26,74,53.0,left,10000,20000,VH
26,75,29.0,left,10000,20000,VH
26,76,49.0,left,10000,20000,H
26,77,52.0,left,10000,20000,H
26,78,40.0,left,10000,20000,H
26,79,16.0,right,10000,20000,H
26,80,19.0,left,10000,20000,H
26,81,47.0,left,10000,20000,VH
26,82,32.0,right,10000,20000,VH
26,83,41.0,right,10000,20000,VH
26,84,62.0,left,10000,20000,VH
26,85,14.0,right,10000,20000,VH
26,86,84.0,right,10000,20000,V
26,87,48.0,left,10000,20000,V
26,88,90.0,left,10000,20000,V
26,89,30.0,left,10000,20000,V
26,90,81.0,right,10000,20000,V
27,1,81.0,right,10000,20000,H
27,2,33.0,left,10000,20000,H
27,3,12.0,right,10000,20000,H
27,4,48.0,right,10000,20000,H
27,5,36.0,right,10000,20000,H
27,6,7.0,left,10000,20000,VH
27,7,22.0,right,10000,20000,VH
27,8,1.0,left,10000,20000,VH
27,9,46.0,left,10000,20000,VH
27,10,67.0,right,10000,20000,VH
27,11,59.0,left,10000,20000,V
27,12,89.0,right,10000,20000,V
27,13,62.0,left,10000,20000,V
27,14,68.0,left,10000,20000,V
27,15,2.0,right,10000,20000,V
27,16,66.0,left,10000,20000,H
27,17,54.0,left,10000,20000,H
27,18,72.0,right,10000,20000,H
27,19,30.0,left,10000,20000,H
27,20,3.0,left,10000,20000,H
27,21,8.0,left,10000,20000,V
27,22,56.0,right,10000,20000,V
27,23,50.0,left,10000,20000,V
27,24,41.0,right,10000,20000,V
27,25,20.0,right,10000,20000,V
27,26,4.0,right,10000,20000,VH
27,27,79.0,right,10000,20000,VH
27,28,76.0,left,10000,20000,VH
27,29,61.0,left,10000,20000,VH
27,30,52.0,right,10000,20000,VH
27,31,27.0,left,10000,20000,H
27,32,45.0,left,10000,20000,H
27,33,60.0,left,10000,20000,H
27,34,87.0,right,10000,20000,H
27,35,57.0,right,10000,20000,H
27,36,53.0,right,10000,20000,V
27,37,65.0,right,10000,20000,V
27,38,32.0,left,10000,20000,V
27,39,23.0,right,10000,20000,V
27,40,80.0,left,10000,20000,V
27,41,28.0,right,10000,20000,VH
27,42,88.0,right,10000,20000,VH
27,43,64.0,left,10000,20000,VH
27,44,13.0,left,10000,20000,VH
27,45,31.0,left,10000,20000,VH
27,46,25.0,right,10000,20000,VH
27,47,82.0,left,10000,20000,VH
27,48,19.0,left,10000,20000,VH
27,49,34.0,right,10000,20000,VH
27,50,10.0,left,10000,20000,VH
27,51,42.0,left,10000,20000,H
27,52,84.0,right,10000,20000,H
27,53,69.0,right,10000,20000,H
27,54,63.0,left,10000,20000,H
27,55,75.0,right,10000,20000,H
27,56,44.0,right,10000,20000,V
27,57,74.0,left,10000,20000,V
27,58,38.0,left,10000,20000,V
27,59,17.0,right,10000,20000,V
27,60,14.0,right,10000,20000,V
27,61,18.0,right,10000,20000,H
27,62,24.0,left,10000,20000,H
27,63,6.0,left,10000,20000,H
27,64,21.0,right,10000,20000,H
27,65,15.0,right,10000,20000,H
27,66,58.0,left,10000,20000,VH
27,67,37.0,right,10000,20000,VH
27,68,43.0,left,10000,20000,VH
27,69,73.0,left,10000,20000,VH
27,70,70.0,right,10000,20000,VH
27,71,86.0,right,10000,20000,V
27,72,26.0,right,10000,20000,V
27,73,77.0,right,10000,20000,V
27,74,71.0,left,10000,20000,V
27,75,47.0,left,10000,20000,V
27,76,11.0,left,10000,20000,V
27,77,29.0,right,10000,20000,V
27,78,35.0,right,10000,20000,V
27,79,83.0,left,10000,20000,V
27,80,5.0,right,10000,20000,V
27,81,51.0,left,10000,20000,H
27,82,78.0,left,10000,20000,H
27,83,39.0,left,10000,20000,H
27,84,9.0,left,10000,20000,H
27,85,90.0,right,10000,20000,H
27,86,55.0,right,10000,20000,VH
27,87,85.0,left,10000,20000,VH
27,88,49.0,left,10000,20000,VH
27,89,16.0,right,10000,20000,VH
27,90,40.0,right,10000,20000,VH
28,1,66.0,right,10000,20000,VH
28,2,54.0,left,10000,20000,VH
28,3,30.0,right,10000,20000,VH
28,4,39.0,left,10000,20000,VH
28,5,57.0,left,10000,20000,VH
28,6,43.0,left,10000,20000,V
28,7,61.0,left,10000,20000,V
28,8,37.0,right,10000,20000,V
28,9,22.0,left,10000,20000,V
28,10,49.0,left,10000,20000,V
28,11,8.0,right,10000,20000,H
28,12,32.0,right,10000,20000,H
28,13,47.0,left,10000,20000,H
28,14,65.0,right,10000,20000,H
28,15,62.0,right,10000,20000,H
28,16,29.0,right,10000,20000,H
28,17,53.0,left,10000,20000,H
28,18,17.0,right,10000,20000,H
28,19,41.0,right,10000,20000,H
28,20,56.0,right,10000,20000,H
28,21,46.0,right,10000,20000,V
28,22,58.0,right,10000,20000,V
28,23,70.0,right,10000,20000,V
28,24,34.0,left,10000,20000,V
28,25,31.0,right,10000,20000,V
28,26,78.0,right,10000,20000,VH
28,27,51.0,left,10000,20000,VH
28,28,72.0,right,10000,20000,VH
28,29,33.0,left,10000,20000,VH
28,30,3.0,left,10000,20000,VH
28,31,42.0,left,10000,20000,VH
28,32,15.0,right,10000,20000,VH
28,33,45.0,left,10000,20000,VH
28,34,9.0,right,10000,20000,VH
28,35,21.0,right,10000,20000,VH
28,36,11.0,left,10000,20000,H
28,37,50.0,left,10000,20000,H
28,38,74.0,right,10000,20000,H
28,39,5.0,right,10000,20000,H
28,40,14.0,left,10000,20000,H
28,41,64.0,left,10000,20000,V
28,42,13.0,right,10000,20000,V
28,43,88.0,right,10000,20000,V
28,44,40.0,left,10000,20000,V
28,45,79.0,left,10000,20000,V
28,46,86.0,right,10000,20000,H
28,47,71.0,right,10000,20000,H
28,48,2.0,right,10000,20000,H
28,49,80.0,left,10000,20000,H
28,50,35.0,left,10000,20000,H
28,51,4.0,right,10000,20000,V
28,52,25.0,right,10000,20000,V
28,53,28.0,left,10000,20000,V
28,54,82.0,left,10000,20000,V
28,55,52.0,left,10000,20000,V
28,56,6.0,left,10000,20000,VH
28,57,36.0,left,10000,20000,VH
28,58,60.0,left,10000,20000,VH
28,59,24.0,right,10000,20000,VH
28,60,18.0,left,10000,20000,VH
28,61,38.0,right,10000,20000,H
28,62,44.0,left,10000,20000,H
28,63,68.0,right,10000,20000,H
28,64,89.0,right,10000,20000,H
28,65,83.0,right,10000,20000,H
28,66,87.0,right,10000,20000,VH
28,67,81.0,left,10000,20000,VH
28,68,27.0,left,10000,20000,VH
28,69,84.0,left,10000,20000,VH
28,70,63.0,left,10000,20000,VH
28,71,19.0,right,10000,20000,V
28,72,76.0,right,10000,20000,V
28,73,55.0,left,10000,20000,V
28,74,16.0,right,10000,20000,V
28,75,73.0,right,10000,20000,V
28,76,75.0,left,10000,20000,VH
28,77,48.0,left,10000,20000,VH
28,78,69.0,right,10000,20000,VH
28,79,12.0,right,10000,20000,VH
28,80,90.0,right,10000,20000,VH
28,81,85.0,left,10000,20000,V
28,82,7.0,left,10000,20000,V
28,83,67.0,right,10000,20000,V
28,84,1.0,left,10000,20000,V
28,85,10.0,left,10000,20000,V
28,86,23.0,left,10000,20000,H
28,87,59.0,right,10000,20000,H
28,88,77.0,left,10000,20000,H
28,89,26.0,right,10000,20000,H
28,90,20.0,left,10000,20000,H
29,1,56.0,right,10000,20000,VH
29,2,71.0,right,10000,20000,VH
29,3,23.0,right,10000,20000,VH
29,4,20.0,left,10000,20000,VH
29,5,77.0,right,10000,20000,VH
29,6,31.0,right,10000,20000,H
29,7,85.0,left,10000,20000,H
29,8,25.0,left,10000,20000,H
29,9,70.0,left,10000,20000,H
29,10,10.0,left,10000,20000,H
29,11,78.0,right,10000,20000,V
29,12,60.0,right,10000,20000,V
29,13,9.0,left,10000,20000,V
29,14,30.0,left,10000,20000,V
29,15,63.0,right,10000,20000,V
29,16,67.0,left,10000,20000,H
29,17,43.0,right,10000,20000,H
29,18,13.0,left,10000,20000,H
29,19,88.0,right,10000,20000,H
29,20,73.0,left,10000,20000,H
29,21,48.0,right,10000,20000,V
29,22,12.0,right,10000,20000,V
29,23,3.0,left,10000,20000,V
29,24,45.0,right,10000,20000,V
29,25,27.0,left,10000,20000,V
29,26,29.0,left,10000,20000,VH
29,27,50.0,left,10000,20000,VH
29,28,41.0,left,10000,20000,VH
29,29,68.0,right,10000,20000,VH
29,30,62.0,left,10000,20000,VH
29,31,76.0,right,10000,20000,H
29,32,40.0,left,10000,20000,H
29,33,22.0,right,10000,20000,H
29,34,7.0,right,10000,20000,H
29,35,49.0,right,10000,20000,H
29,36,69.0,right,10000,20000,V
29,37,42.0,left,10000,20000,V
29,38,24.0,left,10000,20000,V
29,39,39.0,left,10000,20000,V
29,40,21.0,right,10000,20000,V
29,41,26.0,left,10000,20000,VH
29,42,35.0,left,10000,20000,VH
29,43,8.0,left,10000,20000,VH
29,44,47.0,right,10000,20000,VH
29,45,5.0,left,10000,20000,VH
29,46,72.0,right,10000,20000,V
29,47,57.0,left,10000,20000,V
29,48,51.0,right,10000,20000,V
29,49,90.0,right,10000,20000,V
29,50,36.0,left,10000,20000,V
29,51,38.0,right,10000,20000,VH
29,52,53.0,left,10000,20000,VH
29,53,14.0,left,10000,20000,VH
29,54,83.0,right,10000,20000,VH
29,55,89.0,right,10000,20000,VH
29,56,61.0,right,10000,20000,H
29,57,34.0,right,10000,20000,H
29,58,1.0,right,10000,20000,H
29,59,79.0,left,10000,20000,H
29,60,58.0,left,10000,20000,H
29,61,87.0,left,10000,20000,V
29,62,15.0,left,10000,20000,V
29,63,81.0,right,10000,20000,V
29,64,84.0,right,10000,20000,V
29,65,6.0,right,10000,20000,V
29,66,55.0,left,10000,20000,H
29,67,82.0,right,10000,20000,H
29,68,28.0,left,10000,20000,H
29,69,37.0,right,10000,20000,H
29,70,64.0,left,10000,20000,H
29,71,65.0,right,10000,20000,VH
29,72,59.0,right,10000,20000,VH
29,73,86.0,left,10000,20000,VH
29,74,2.0,right,10000,20000,VH
29,75,80.0,right,10000,20000,VH
29,76,44.0,right,10000,20000,VH
29,77,74.0,left,10000,20000,VH
29,78,32.0,right,10000,20000,VH
29,79,17.0,left,10000,20000,VH
29,80,11.0,left,10000,20000,VH
29,81,46.0,right,10000,20000,H
29,82,19.0,right,10000,20000,H
29,83,16.0,left,10000,20000,H
29,84,52.0,left,10000,20000,H
29,85,4.0,right,10000,20000,H
29,86,66.0,right,10000,20000,V
29,87,75.0,left,10000,20000,V
29,88,18.0,left,10000,20000,V
29,89,54.0,left,10000,20000,V
29,90,33.0,left,10000,20000,V
30,1,48.0,right,10000,20000,H
30,2,9.0,right,10000,20000,H
30,3,39.0,right,10000,20000,H
30,4,69.0,right,10000,20000,H
30,5,27.0,left,10000,20000,H
30,6,5.0,right,10000,20000,V
30,7,41.0,right,10000,20000,V
30,8,65.0,right,10000,20000,V
30,9,26.0,right,10000,20000,V
30,10,56.0,right,10000,20000,V
30,11,43.0,right,10000,20000,VH
30,12,31.0,right,10000,20000,VH
30,13,16.0,right,10000,20000,VH
30,14,52.0,right,10000,20000,VH
30,15,55.0,right,10000,20000,VH
30,16,84.0,left,10000,20000,H
30,17,33.0,right,10000,20000,H
30,18,12.0,left,10000,20000,H
30,19,15.0,right,10000,20000,H
30,20,6.0,left,10000,20000,H
30,21,13.0,right,10000,20000,VH
30,22,79.0,left,10000,20000,VH
30,23,67.0,right,10000,20000,VH
30,24,10.0,left,10000,20000,VH
30,25,82.0,right,10000,20000,VH
30,26,29.0,right,10000,20000,V
30,27,23.0,left,10000,20000,V
30,28,35.0,right,10000,20000,V
30,29,17.0,right,10000,20000,V
30,30,32.0,left,10000,20000,V
30,31,28.0,right,10000,20000,VH
30,32,40.0,left,10000,20000,VH
30,33,37.0,right,10000,20000,VH
30,34,19.0,right,10000,20000,VH
30,35,4.0,right,10000,20000,VH
30,36,8.0,left,10000,20000,V
30,37,50.0,left,10000,20000,V
30,38,14.0,left,10000,20000,V
30,39,20.0,right,10000,20000,V
30,40,89.0,left,10000,20000,V
30,41,21.0,left,10000,20000,H
30,42,72.0,left,10000,20000,H
30,43,42.0,left,10000,20000,H
30,44,90.0,right,10000,20000,H
30,45,18.0,right,10000,20000,H
30,46,3.0,left,10000,20000,H
30,47,54.0,right,10000,20000,H
30,48,75.0,right,10000,20000,H
30,49,78.0,left,10000,20000,H
30,50,36.0,left,10000,20000,H
30,51,85.0,left,10000,20000,VH
30,52,7.0,left,10000,20000,VH
30,53,58.0,left,10000,20000,VH
30,54,49.0,left,10000,20000,VH
30,55,46.0,right,10000,20000,VH
30,56,59.0,right,10000,20000,V
30,57,86.0,left,10000,20000,V
30,58,2.0,left,10000,20000,V
30,59,77.0,left,10000,20000,V
30,60,74.0,right,10000,20000,V
30,61,73.0,left,10000,20000,VH
30,62,70.0,left,10000,20000,VH
30,63,22.0,left,10000,20000,VH
30,64,25.0,right,10000,20000,VH
30,65,1.0,left,10000,20000,VH
30,66,30.0,right,10000,20000,H
30,67,45.0,left,10000,20000,H
30,68,57.0,left,10000,20000,H
30,69,51.0,left,10000,20000,H
30,70,63.0,left,10000,20000,H
30,71,44.0,left,10000,20000,V
30,72,83.0,right,10000,20000,V
30,73,11.0,left,10000,20000,V
30,74,38.0,left,10000,20000,V
30,75,53.0,right,10000,20000,V
30,76,71.0,left,10000,20000,V
30,77,62.0,left,10000,20000,V
30,78,68.0,left,10000,20000,V
30,79,47.0,left,10000,20000,V
30,80,80.0,left,10000,20000,V
30,81,66.0,right,10000,20000,H
30,82,60.0,right,10000,20000,H
30,83,81.0,right,10000,20000,H
30,84,87.0,right,10000,20000,H
30,85,24.0,right,10000,20000,H
30,86,76.0,left,10000,20000,VH
30,87,64.0,left,10000,20000,VH
30,88,88.0,left,10000,20000,VH
30,89,61.0,right,10000,20000,VH
30,90,34.0,right,10000,20000,VH
